insert into category (id, name) values (null, 'Comedy');
insert into category (id, name) values (null, 'Musical');
insert into category (id, name) values (null, 'Action');
insert into category (id, name) values (null, 'Drama');
insert into category (id, name) values (null, 'Horror');
insert into category (id, name) values (null, 'War');
insert into category (id, name) values (null, 'Romance');
insert into category (id, name) values (null, 'Mystery');
insert into category (id, name) values (null, 'Children');
insert into category (id, name) values (null, 'Animation');

insert into format (id, name) values (1, '2D');
insert into format (id, name) values (2, '3D');
insert into format (id, name) values (3, '4DX');
insert into format (id, name) values (4, 'IMAX');
insert into format (id, name) values (5, 'SCREENX');

insert into language (id, name) values (1, 'Somali');
insert into language (id, name) values (2, 'Polish');
insert into language (id, name) values (3, 'Kannada');
insert into language (id, name) values (4, 'Hebrew');
insert into language (id, name) values (5, 'Haitian Creole');
insert into language (id, name) values (6, 'Albanian');
insert into language (id, name) values (7, 'Fijian');
insert into language (id, name) values (8, 'Swahili');
insert into language (id, name) values (9, 'Dhivehi');
insert into language (id, name) values (10, 'Belarusian');
insert into language (id, name) values (11, 'Northern Sotho');
insert into language (id, name) values (12, 'Ndebele');
insert into language (id, name) values (13, 'Papiamento');
insert into language (id, name) values (14, 'Norwegian');
insert into language (id, name) values (15, 'Nepali');
insert into language (id, name) values (16, 'Gujarati');
insert into language (id, name) values (17, 'Malagasy');
insert into language (id, name) values (18, 'Marathi');
insert into language (id, name) values (19, 'Croatian');
insert into language (id, name) values (20, 'Bengali');
insert into language (id, name) values (21, 'Albanian');
insert into language (id, name) values (22, 'Arabic');
insert into language (id, name) values (23, 'Latvian');
insert into language (id, name) values (24, 'Swahili');
insert into language (id, name) values (25, 'Romanian');
insert into language (id, name) values (26, 'Lao');
insert into language (id, name) values (27, 'Montenegrin');
insert into language (id, name) values (28, 'Tswana');
insert into language (id, name) values (29, 'Malay');
insert into language (id, name) values (30, 'Swahili');
insert into language (id, name) values (31, 'Quechua');
insert into language (id, name) values (32, 'Mongolian');
insert into language (id, name) values (33, 'Moldovan');
insert into language (id, name) values (34, 'Kashmiri');
insert into language (id, name) values (35, 'Tswana');
insert into language (id, name) values (36, 'Luxembourgish');
insert into language (id, name) values (37, 'Macedonian');
insert into language (id, name) values (38, 'Dari');
insert into language (id, name) values (39, 'Kyrgyz');
insert into language (id, name) values (40, 'Lao');
insert into language (id, name) values (41, 'Tswana');
insert into language (id, name) values (42, 'Amharic');
insert into language (id, name) values (43, 'Lithuanian');
insert into language (id, name) values (44, 'Dhivehi');
insert into language (id, name) values (45, 'Luxembourgish');
insert into language (id, name) values (46, 'Albanian');
insert into language (id, name) values (47, 'Assamese');
insert into language (id, name) values (48, 'Swati');
insert into language (id, name) values (49, 'Northern Sotho');
insert into language (id, name) values (50, 'Thai');


insert into director (id, full_name) values (1, 'Marthe O''Loughane');
insert into director (id, full_name) values (2, 'Brenda Shoebrook');
insert into director (id, full_name) values (3, 'Denny Eustice');
insert into director (id, full_name) values (4, 'Milo Kidd');
insert into director (id, full_name) values (5, 'Farra Rowley');
insert into director (id, full_name) values (6, 'Lissa Siflet');
insert into director (id, full_name) values (7, 'Tadeo Gerrett');
insert into director (id, full_name) values (8, 'Alejandro MacMorland');
insert into director (id, full_name) values (9, 'Teri Faragher');
insert into director (id, full_name) values (10, 'Jocelin Gabrieli');
insert into director (id, full_name) values (11, 'Dukie Kachel');
insert into director (id, full_name) values (12, 'Cori Yoxen');
insert into director (id, full_name) values (13, 'Herbert Leworthy');
insert into director (id, full_name) values (14, 'Hadlee Perillo');
insert into director (id, full_name) values (15, 'Merv Penhalewick');
insert into director (id, full_name) values (16, 'Jase Dunan');
insert into director (id, full_name) values (17, 'Kellen Laying');
insert into director (id, full_name) values (18, 'Talbert Safhill');
insert into director (id, full_name) values (19, 'Bartlett Franschini');
insert into director (id, full_name) values (20, 'Nevin Ginnelly');
insert into director (id, full_name) values (21, 'Robby Tilbury');
insert into director (id, full_name) values (22, 'Dalis Gravenell');
insert into director (id, full_name) values (23, 'Almeta Conkey');
insert into director (id, full_name) values (24, 'Lenette Bensusan');
insert into director (id, full_name) values (25, 'Gianna Stanistreet');
insert into director (id, full_name) values (26, 'Joshuah Finlason');
insert into director (id, full_name) values (27, 'Ariana Torbard');
insert into director (id, full_name) values (28, 'Guglielma Dennehy');
insert into director (id, full_name) values (29, 'Guthrie Rann');
insert into director (id, full_name) values (30, 'Gustave Muttock');
insert into director (id, full_name) values (31, 'Averyl Culpan');
insert into director (id, full_name) values (32, 'Dannel Heather');
insert into director (id, full_name) values (33, 'Jerrie Winscom');
insert into director (id, full_name) values (34, 'Chandra Ert');
insert into director (id, full_name) values (35, 'Alan McGregor');
insert into director (id, full_name) values (36, 'Cindelyn Heeley');
insert into director (id, full_name) values (37, 'Aubrey Waycot');
insert into director (id, full_name) values (38, 'Marthe O''Loughane');
insert into director (id, full_name) values (39, 'Brenda Shoebrook');
insert into director (id, full_name) values (40, 'Denny Eustice');
insert into director (id, full_name) values (41, 'Milo Kidd');
insert into director (id, full_name) values (42, 'Farra Rowley');
insert into director (id, full_name) values (43, 'Lissa Siflet');
insert into director (id, full_name) values (44, 'Tadeo Gerrett');
insert into director (id, full_name) values (45, 'Alejandro MacMorland');
insert into director (id, full_name) values (46, 'Teri Faragher');
insert into director (id, full_name) values (47, 'Jocelin Gabrieli');
insert into director (id, full_name) values (48, 'Dukie Kachel');
insert into director (id, full_name) values (49, 'Cori Yoxen');
insert into director (id, full_name) values (50, 'Lenette Bensusan');


insert into actor (id, full_name) values (1, 'Katti Gormley');
insert into actor (id, full_name) values (2, 'Angelle Toffanini');
insert into actor (id, full_name) values (3, 'Midge Donan');
insert into actor (id, full_name) values (4, 'Elysha Stickells');
insert into actor (id, full_name) values (5, 'Gregor Brugman');
insert into actor (id, full_name) values (6, 'Odelia Driscoll');
insert into actor (id, full_name) values (7, 'Amalita Woodyear');
insert into actor (id, full_name) values (8, 'Berget Plampin');
insert into actor (id, full_name) values (9, 'Karissa Grigson');
insert into actor (id, full_name) values (10, 'Allys Kivlin');
insert into actor (id, full_name) values (11, 'Elroy Oley');
insert into actor (id, full_name) values (12, 'Lebbie Arnholz');
insert into actor (id, full_name) values (13, 'Shurlock Cecchi');
insert into actor (id, full_name) values (14, 'Madelle Jakoubec');
insert into actor (id, full_name) values (15, 'Blake Purbrick');
insert into actor (id, full_name) values (16, 'Stella Insull');
insert into actor (id, full_name) values (17, 'Cosimo Thomton');
insert into actor (id, full_name) values (18, 'Maureen Malyon');
insert into actor (id, full_name) values (19, 'Justus Lytle');
insert into actor (id, full_name) values (20, 'Alwin Cestard');
insert into actor (id, full_name) values (21, 'Tierney Giercke');
insert into actor (id, full_name) values (22, 'Othelia Mariet');
insert into actor (id, full_name) values (23, 'Arleyne Harron');
insert into actor (id, full_name) values (24, 'Dud Camous');
insert into actor (id, full_name) values (25, 'Ferdinande Kender');
insert into actor (id, full_name) values (26, 'Geoffry Marciek');
insert into actor (id, full_name) values (27, 'Sarine Puddephatt');
insert into actor (id, full_name) values (28, 'Meredeth Dubery');
insert into actor (id, full_name) values (29, 'Denny Mulloch');
insert into actor (id, full_name) values (30, 'Lorita Oldacre');
insert into actor (id, full_name) values (31, 'Celie Falkus');
insert into actor (id, full_name) values (32, 'Roldan Raithbie');
insert into actor (id, full_name) values (33, 'Thorpe Halversen');
insert into actor (id, full_name) values (34, 'Katya Ambrozik');
insert into actor (id, full_name) values (35, 'Edee Auton');
insert into actor (id, full_name) values (36, 'Sylvester Greenall');
insert into actor (id, full_name) values (37, 'Abigail Lanmeid');
insert into actor (id, full_name) values (38, 'Darill Stefanovic');
insert into actor (id, full_name) values (39, 'Angel Billany');
insert into actor (id, full_name) values (40, 'Sidnee Gowdridge');
insert into actor (id, full_name) values (41, 'Marianna Grimshaw');
insert into actor (id, full_name) values (42, 'Carolynn Tredgold');
insert into actor (id, full_name) values (43, 'Rosalind Featherby');
insert into actor (id, full_name) values (44, 'Antonius Arnull');
insert into actor (id, full_name) values (45, 'Jane Veronique');
insert into actor (id, full_name) values (46, 'Edgard Cornels');
insert into actor (id, full_name) values (47, 'Toni Chipps');
insert into actor (id, full_name) values (48, 'Florance Baumann');
insert into actor (id, full_name) values (49, 'Rowney Gildroy');
insert into actor (id, full_name) values (50, 'Martino Jobb');


insert into movie (id, title, description, length, rating, poster, studio, status, release_date, id_director) values (1, 'Li''l Abner', 'Nunc rhoncus dui vel sem.', 192, 'PG-13', 'https://robohash.org/quiillumsunt.png?size=50x50&set=set1', 'Tagopia', 'hidden', '1996-01-15', 29);
insert into movie (id, title, description, length, rating, poster, studio, status, release_date, id_director) values (2, 'Leopard Son, The', 'Curabitur convallis.', 77, 'NC-17', 'https://robohash.org/adipisciquisnam.png?size=50x50&set=set1', 'Kazu', 'hidden', '1956-12-23', 29);
insert into movie (id, title, description, length, rating, poster, studio, status, release_date, id_director) values (3, 'Purge (Puhdistus)', 'Vivamus vestibulum sagittis sapien.', 94, 'NR', 'https://robohash.org/utnequeatque.png?size=50x50&set=set1', 'Yakitri', 'public', '1904-09-13', 9);
insert into movie (id, title, description, length, rating, poster, studio, status, release_date, id_director) values (4, 'Front Line, The', 'Pellentesque ultrices mattis odio.', 153, 'PG-13', 'https://robohash.org/harumquiasit.png?size=50x50&set=set1', 'Jamia', 'public', '1993-06-28', 25);
insert into movie (id, title, description, length, rating, poster, studio, status, release_date, id_director) values (5, 'James and the Giant Peach', 'Mauris ullamcorper purus sit amet nulla.', 155, 'NR', 'https://robohash.org/illovelitquam.png?size=50x50&set=set1', 'Twinder', 'public', '1905-04-08', 22);
insert into movie (id, title, description, length, rating, poster, studio, status, release_date, id_director) values (6, 'Big Top Pee-Wee', 'Nulla suscipit ligula in lacus.', 246, 'NC-17', 'https://robohash.org/sapientedictaeaque.png?size=50x50&set=set1', 'Kwideo', 'public', '1939-12-15', 6);
insert into movie (id, title, description, length, rating, poster, studio, status, release_date, id_director) values (7, 'Skin Deep', 'Nulla ac enim.', 62, 'NC-17', 'https://robohash.org/magnamvoluptatemexcepturi.png?size=50x50&set=set1', 'DabZ', 'hidden', '1973-09-14', 33);
insert into movie (id, title, description, length, rating, poster, studio, status, release_date, id_director) values (8, 'Johnny Express', 'Cum sociis natoque penatibus et magnis dis parturient montes, nascetur ridiculus mus.', 75, 'PG-13', 'https://robohash.org/nemolaudantiumdelectus.png?size=50x50&set=set1', 'Janyx', 'hidden', '1923-11-14', 49);
insert into movie (id, title, description, length, rating, poster, studio, status, release_date, id_director) values (9, 'Man Facing Southeast (Hombre mirando al sudeste)', 'Integer ac leo.', 178, 'NR', 'https://robohash.org/odionequenesciunt.png?size=50x50&set=set1', 'Zoonoodle', 'hidden', '2000-04-10', 1);
insert into movie (id, title, description, length, rating, poster, studio, status, release_date, id_director) values (10, 'Beast with Five Fingers, The', 'Cras in purus eu magna vulputate luctus.', 107, 'R', 'https://robohash.org/namveniamnumquam.png?size=50x50&set=set1', 'Dabfeed', 'public', '1991-04-03', 32);
insert into movie (id, title, description, length, rating, poster, studio, status, release_date, id_director) values (11, 'All Mine to Give', 'Duis consequat dui nec nisi volutpat eleifend.', 251, 'PG-13', 'https://robohash.org/sednamanimi.png?size=50x50&set=set1', 'Miboo', 'public', '1940-10-12', 45);
insert into movie (id, title, description, length, rating, poster, studio, status, release_date, id_director) values (12, 'Kalevala - Uusi aika', 'Aliquam quis turpis eget elit sodales scelerisque.', 170, 'R', 'https://robohash.org/quinonculpa.png?size=50x50&set=set1', 'Yakidoo', 'hidden', '1907-10-17', 9);
insert into movie (id, title, description, length, rating, poster, studio, status, release_date, id_director) values (13, 'Little Mermaid, The', 'Vivamus vestibulum sagittis sapien.', 281, 'G', 'https://robohash.org/necessitatibusconsecteturrem.png?size=50x50&set=set1', 'Yodel', 'public', '1943-11-09', 38);
insert into movie (id, title, description, length, rating, poster, studio, status, release_date, id_director) values (14, 'Ricky Rapper and the Bicycle Thief (Risto Räppääjä ja polkupyörävaras)', 'Donec ut mauris eget massa tempor convallis.', 62, 'NC-17', 'https://robohash.org/adipisciipsanostrum.png?size=50x50&set=set1', 'Tavu', 'public', '2012-03-14', 21);
insert into movie (id, title, description, length, rating, poster, studio, status, release_date, id_director) values (15, 'Latter Days', 'Vivamus tortor.', 257, 'NC-17', 'https://robohash.org/animisequiitaque.png?size=50x50&set=set1', 'Skibox', 'hidden', '1913-08-02', 41);
insert into movie (id, title, description, length, rating, poster, studio, status, release_date, id_director) values (16, 'Mark, The', 'Fusce lacus purus, aliquet at, feugiat non, pretium quis, lectus.', 250, 'NR', 'https://robohash.org/etsuscipitmagni.png?size=50x50&set=set1', 'Dabfeed', 'public', '1919-04-06', 40);
insert into movie (id, title, description, length, rating, poster, studio, status, release_date, id_director) values (17, 'Great Rock ''n'' Roll Swindle, The', 'In congue.', 273, 'R', 'https://robohash.org/quasdolordolorem.png?size=50x50&set=set1', 'Pixonyx', 'hidden', '1909-11-30', 36);
insert into movie (id, title, description, length, rating, poster, studio, status, release_date, id_director) values (18, 'Judex', 'Nullam varius.', 89, 'PG-13', 'https://robohash.org/animilaboriosamsoluta.png?size=50x50&set=set1', 'Kare', 'public', '2008-04-29', 40);
insert into movie (id, title, description, length, rating, poster, studio, status, release_date, id_director) values (19, 'Riptide', 'Morbi porttitor lorem id ligula.', 233, 'PG-13', 'https://robohash.org/nostrumdictanemo.png?size=50x50&set=set1', 'Thoughtworks', 'public', '1983-11-03', 22);
insert into movie (id, title, description, length, rating, poster, studio, status, release_date, id_director) values (20, 'Bubble', 'Nulla mollis molestie lorem.', 209, 'PG-13', 'https://robohash.org/quidoloresdolor.png?size=50x50&set=set1', 'Reallinks', 'hidden', '1999-06-08', 44);
insert into movie (id, title, description, length, rating, poster, studio, status, release_date, id_director) values (21, 'Broken Wings (Knafayim Shvurot)', 'In est risus, auctor sed, tristique in, tempus sit amet, sem.', 58, 'PG-13', 'https://robohash.org/natussuscipitinventore.png?size=50x50&set=set1', 'Dynava', 'public', '1952-02-11', 16);
insert into movie (id, title, description, length, rating, poster, studio, status, release_date, id_director) values (22, 'Robe, The', 'Etiam vel augue.', 168, 'R', 'https://robohash.org/aliasnostrumsit.png?size=50x50&set=set1', 'Plambee', 'public', '1971-03-10', 40);
insert into movie (id, title, description, length, rating, poster, studio, status, release_date, id_director) values (23, 'Mass Effect: Paragon Lost', 'Proin leo odio, porttitor id, consequat in, consequat ut, nulla.', 155, 'PG-13', 'https://robohash.org/quisquamarchitectoquas.png?size=50x50&set=set1', 'Meezzy', 'hidden', '1982-02-09', 50);
insert into movie (id, title, description, length, rating, poster, studio, status, release_date, id_director) values (24, 'Trial by Jury', 'Cras non velit nec nisi vulputate nonummy.', 39, 'R', 'https://robohash.org/vitaeexpeditaautem.png?size=50x50&set=set1', 'Aibox', 'public', '1929-10-25', 39);
insert into movie (id, title, description, length, rating, poster, studio, status, release_date, id_director) values (25, 'Away from Her', 'Integer a nibh.', 126, 'R', 'https://robohash.org/deseruntquiafacere.png?size=50x50&set=set1', 'Centidel', 'public', '1977-10-03', 35);
insert into movie (id, title, description, length, rating, poster, studio, status, release_date, id_director) values (26, 'Eden Lake', 'Proin at turpis a pede posuere nonummy.', 71, 'G', 'https://robohash.org/ipsarecusandaedolorem.png?size=50x50&set=set1', 'Ooba', 'public', '1966-12-18', 15);
insert into movie (id, title, description, length, rating, poster, studio, status, release_date, id_director) values (27, 'His Kind of Woman', 'Nulla ut erat id mauris vulputate elementum.', 103, 'PG-13', 'https://robohash.org/etitaquebeatae.png?size=50x50&set=set1', 'Meetz', 'hidden', '1970-12-02', 43);
insert into movie (id, title, description, length, rating, poster, studio, status, release_date, id_director) values (28, 'Murder by Contract', 'In eleifend quam a odio.', 239, 'NR', 'https://robohash.org/necessitatibusanimiut.png?size=50x50&set=set1', 'Jabbertype', 'hidden', '1908-07-26', 22);
insert into movie (id, title, description, length, rating, poster, studio, status, release_date, id_director) values (29, 'Garfield''s Halloween Adventure', 'Sed ante.', 183, 'R', 'https://robohash.org/doloremvoluptateseius.png?size=50x50&set=set1', 'Zoonoodle', 'public', '1938-04-02', 42);
insert into movie (id, title, description, length, rating, poster, studio, status, release_date, id_director) values (30, 'Björk at the Royal Opera House', 'Praesent id massa id nisl venenatis lacinia.', 281, 'PG-13', 'https://robohash.org/dignissimosquododio.png?size=50x50&set=set1', 'Fiveclub', 'hidden', '1948-01-25', 41);
insert into movie (id, title, description, length, rating, poster, studio, status, release_date, id_director) values (31, 'Love Simple', 'Morbi odio odio, elementum eu, interdum eu, tincidunt in, leo.', 44, 'NR', 'https://robohash.org/voluptatemquiadipisci.png?size=50x50&set=set1', 'Feednation', 'hidden', '2013-08-31', 32);
insert into movie (id, title, description, length, rating, poster, studio, status, release_date, id_director) values (32, 'Laurel Canyon', 'Nunc purus.', 41, 'PG', 'https://robohash.org/blanditiisutminima.png?size=50x50&set=set1', 'Edgeclub', 'hidden', '1912-12-04', 41);
insert into movie (id, title, description, length, rating, poster, studio, status, release_date, id_director) values (33, 'Fanboys', 'Etiam faucibus cursus urna.', 50, 'G', 'https://robohash.org/sedvitaeaut.png?size=50x50&set=set1', 'Thoughtstorm', 'public', '1991-05-16', 21);
insert into movie (id, title, description, length, rating, poster, studio, status, release_date, id_director) values (34, 'Gallipoli', 'Morbi vestibulum, velit id pretium iaculis, diam erat fermentum justo, nec condimentum neque sapien placerat ante.', 299, 'PG-13', 'https://robohash.org/praesentiumcumsunt.png?size=50x50&set=set1', 'Brainbox', 'public', '1949-01-03', 48);
insert into movie (id, title, description, length, rating, poster, studio, status, release_date, id_director) values (35, 'Vanishing, The (Spoorloos)', 'Cum sociis natoque penatibus et magnis dis parturient montes, nascetur ridiculus mus.', 50, 'R', 'https://robohash.org/pariaturquaeet.png?size=50x50&set=set1', 'Edgewire', 'public', '2002-07-10', 47);
insert into movie (id, title, description, length, rating, poster, studio, status, release_date, id_director) values (36, 'A Promise', 'Fusce congue, diam id ornare imperdiet, sapien urna pretium nisl, ut volutpat sapien arcu sed augue.', 298, 'PG', 'https://robohash.org/cumnihildelectus.png?size=50x50&set=set1', 'Trudeo', 'public', '1997-11-05', 28);
insert into movie (id, title, description, length, rating, poster, studio, status, release_date, id_director) values (37, 'Spider Lilies (Ci qing)', 'Duis at velit eu est congue elementum.', 57, 'PG', 'https://robohash.org/sediustofacilis.png?size=50x50&set=set1', 'Izio', 'hidden', '1926-04-20', 38);
insert into movie (id, title, description, length, rating, poster, studio, status, release_date, id_director) values (38, 'Good News', 'Nulla ac enim.', 205, 'PG-13', 'https://robohash.org/ipsamrerumsapiente.png?size=50x50&set=set1', 'Trilia', 'public', '1908-08-21', 18);
insert into movie (id, title, description, length, rating, poster, studio, status, release_date, id_director) values (39, 'Hope Springs', 'Nam ultrices, libero non mattis pulvinar, nulla pede ullamcorper augue, a suscipit nulla elit ac nulla.', 122, 'PG', 'https://robohash.org/magnioptioillo.png?size=50x50&set=set1', 'Browsedrive', 'hidden', '2002-06-18', 28);
insert into movie (id, title, description, length, rating, poster, studio, status, release_date, id_director) values (40, 'Kung Fu Panda', 'Ut tellus.', 195, 'PG', 'https://robohash.org/fugiatipsaeligendi.png?size=50x50&set=set1', 'Livefish', 'public', '1944-08-24', 5);
insert into movie (id, title, description, length, rating, poster, studio, status, release_date, id_director) values (41, 'Upperworld', 'In hac habitasse platea dictumst.', 74, 'PG-13', 'https://robohash.org/quidemquiqui.png?size=50x50&set=set1', 'Pixoboo', 'hidden', '1970-10-03', 45);
insert into movie (id, title, description, length, rating, poster, studio, status, release_date, id_director) values (42, 'Oversimplification of Her Beauty, An', 'Integer ac leo.', 146, 'PG-13', 'https://robohash.org/asperioresconsequaturveritatis.png?size=50x50&set=set1', 'Quinu', 'public', '1905-01-13', 1);
insert into movie (id, title, description, length, rating, poster, studio, status, release_date, id_director) values (43, 'Children of the Corn', 'Donec semper sapien a libero.', 239, 'NR', 'https://robohash.org/optioquissit.png?size=50x50&set=set1', 'Devpulse', 'hidden', '1977-06-03', 26);
insert into movie (id, title, description, length, rating, poster, studio, status, release_date, id_director) values (44, 'Hedgehog, The (Le hérisson)', 'Nunc nisl.', 97, 'R', 'https://robohash.org/perspiciatismolestiaseveniet.png?size=50x50&set=set1', 'Ntag', 'hidden', '1916-06-24', 42);
insert into movie (id, title, description, length, rating, poster, studio, status, release_date, id_director) values (45, 'White Night Wedding (Brúðguminn)', 'Cum sociis natoque penatibus et magnis dis parturient montes, nascetur ridiculus mus.', 189, 'PG', 'https://robohash.org/ipsumetiure.png?size=50x50&set=set1', 'Realpoint', 'hidden', '1960-08-10', 44);
insert into movie (id, title, description, length, rating, poster, studio, status, release_date, id_director) values (46, 'Broadway Serenade', 'Nam ultrices, libero non mattis pulvinar, nulla pede ullamcorper augue, a suscipit nulla elit ac nulla.', 212, 'PG-13', 'https://robohash.org/quoeaquealias.png?size=50x50&set=set1', 'Fivespan', 'hidden', '1942-11-20', 47);
insert into movie (id, title, description, length, rating, poster, studio, status, release_date, id_director) values (47, 'Katze im Sack', 'Etiam justo.', 142, 'R', 'https://robohash.org/quiahiciste.png?size=50x50&set=set1', 'Digitube', 'public', '1948-10-18', 44);
insert into movie (id, title, description, length, rating, poster, studio, status, release_date, id_director) values (48, 'Profession of Arms, The (Il mestiere delle armi)', 'Duis bibendum.', 121, 'PG-13', 'https://robohash.org/eteadicta.png?size=50x50&set=set1', 'Eazzy', 'hidden', '1989-02-09', 26);
insert into movie (id, title, description, length, rating, poster, studio, status, release_date, id_director) values (49, 'Bling: A Planet Rock', 'Cum sociis natoque penatibus et magnis dis parturient montes, nascetur ridiculus mus.', 270, 'G', 'https://robohash.org/illumullamdoloremque.png?size=50x50&set=set1', 'Innojam', 'public', '1951-06-18', 29);
insert into movie (id, title, description, length, rating, poster, studio, status, release_date, id_director) values (50, 'Breathless (À bout de souffle)', 'Integer a nibh.', 289, 'NC-17', 'https://robohash.org/quiquifugit.png?size=50x50&set=set1', 'Gabspot', 'public', '1971-11-18', 17);


insert into movie_category (id_movie, id_category) values (46, 5);
insert into movie_category (id_movie, id_category) values (18, 7);
insert into movie_category (id_movie, id_category) values (43, 1);
insert into movie_category (id_movie, id_category) values (26, 10);
insert into movie_category (id_movie, id_category) values (31, 7);
insert into movie_category (id_movie, id_category) values (28, 7);
insert into movie_category (id_movie, id_category) values (48, 6);
insert into movie_category (id_movie, id_category) values (9, 1);
insert into movie_category (id_movie, id_category) values (50, 10);
insert into movie_category (id_movie, id_category) values (50, 3);
insert into movie_category (id_movie, id_category) values (31, 4);
insert into movie_category (id_movie, id_category) values (4, 3);
insert into movie_category (id_movie, id_category) values (43, 7);
insert into movie_category (id_movie, id_category) values (23, 3);
insert into movie_category (id_movie, id_category) values (47, 8);
insert into movie_category (id_movie, id_category) values (41, 7);
insert into movie_category (id_movie, id_category) values (5, 3);
insert into movie_category (id_movie, id_category) values (39, 6);
insert into movie_category (id_movie, id_category) values (12, 2);
insert into movie_category (id_movie, id_category) values (2, 10);
insert into movie_category (id_movie, id_category) values (3, 10);
insert into movie_category (id_movie, id_category) values (30, 7);
insert into movie_category (id_movie, id_category) values (42, 8);
insert into movie_category (id_movie, id_category) values (6, 3);
insert into movie_category (id_movie, id_category) values (17, 5);
insert into movie_category (id_movie, id_category) values (39, 2);
insert into movie_category (id_movie, id_category) values (18, 4);
insert into movie_category (id_movie, id_category) values (40, 4);
insert into movie_category (id_movie, id_category) values (17, 6);
insert into movie_category (id_movie, id_category) values (2, 7);
insert into movie_category (id_movie, id_category) values (8, 2);
insert into movie_category (id_movie, id_category) values (21, 10);
insert into movie_category (id_movie, id_category) values (35, 2);
insert into movie_category (id_movie, id_category) values (30, 10);
insert into movie_category (id_movie, id_category) values (41, 4);
insert into movie_category (id_movie, id_category) values (36, 1);
insert into movie_category (id_movie, id_category) values (28, 6);
insert into movie_category (id_movie, id_category) values (25, 10);
insert into movie_category (id_movie, id_category) values (29, 5);
insert into movie_category (id_movie, id_category) values (17, 9);
insert into movie_category (id_movie, id_category) values (15, 3);
insert into movie_category (id_movie, id_category) values (47, 10);
insert into movie_category (id_movie, id_category) values (15, 2);
insert into movie_category (id_movie, id_category) values (4, 8);
insert into movie_category (id_movie, id_category) values (42, 6);
insert into movie_category (id_movie, id_category) values (38, 10);
insert into movie_category (id_movie, id_category) values (15, 10);
insert into movie_category (id_movie, id_category) values (10, 2);
insert into movie_category (id_movie, id_category) values (15, 4);
insert into movie_category (id_movie, id_category) values (23, 10);


insert into movie_format (id_movie, id_format) values (27, 5);
insert into movie_format (id_movie, id_format) values (44, 1);
insert into movie_format (id_movie, id_format) values (19, 2);
insert into movie_format (id_movie, id_format) values (7, 4);
insert into movie_format (id_movie, id_format) values (42, 3);
insert into movie_format (id_movie, id_format) values (9, 3);
insert into movie_format (id_movie, id_format) values (21, 5);
insert into movie_format (id_movie, id_format) values (32, 4);
insert into movie_format (id_movie, id_format) values (40, 2);
insert into movie_format (id_movie, id_format) values (23, 3);
insert into movie_format (id_movie, id_format) values (15, 2);
insert into movie_format (id_movie, id_format) values (49, 2);
insert into movie_format (id_movie, id_format) values (22, 4);
insert into movie_format (id_movie, id_format) values (19, 1);
insert into movie_format (id_movie, id_format) values (3, 1);
insert into movie_format (id_movie, id_format) values (10, 5);
insert into movie_format (id_movie, id_format) values (47, 3);
insert into movie_format (id_movie, id_format) values (23, 4);
insert into movie_format (id_movie, id_format) values (34, 2);
insert into movie_format (id_movie, id_format) values (17, 1);
insert into movie_format (id_movie, id_format) values (29, 3);
insert into movie_format (id_movie, id_format) values (15, 5);
insert into movie_format (id_movie, id_format) values (48, 3);
insert into movie_format (id_movie, id_format) values (34, 3);
insert into movie_format (id_movie, id_format) values (38, 5);
insert into movie_format (id_movie, id_format) values (19, 3);
insert into movie_format (id_movie, id_format) values (8, 5);
insert into movie_format (id_movie, id_format) values (16, 2);
insert into movie_format (id_movie, id_format) values (3, 3);
insert into movie_format (id_movie, id_format) values (45, 5);
insert into movie_format (id_movie, id_format) values (27, 2);
insert into movie_format (id_movie, id_format) values (20, 2);
insert into movie_format (id_movie, id_format) values (44, 2);
insert into movie_format (id_movie, id_format) values (27, 4);
insert into movie_format (id_movie, id_format) values (1, 4);
insert into movie_format (id_movie, id_format) values (39, 4);
insert into movie_format (id_movie, id_format) values (23, 2);
insert into movie_format (id_movie, id_format) values (34, 5);
insert into movie_format (id_movie, id_format) values (24, 1);
insert into movie_format (id_movie, id_format) values (18, 2);
insert into movie_format (id_movie, id_format) values (34, 4);
insert into movie_format (id_movie, id_format) values (47, 4);
insert into movie_format (id_movie, id_format) values (13, 5);
insert into movie_format (id_movie, id_format) values (9, 1);
insert into movie_format (id_movie, id_format) values (19, 5);
insert into movie_format (id_movie, id_format) values (47, 1);
insert into movie_format (id_movie, id_format) values (25, 4);
insert into movie_format (id_movie, id_format) values (1, 1);
insert into movie_format (id_movie, id_format) values (23, 5);
insert into movie_format (id_movie, id_format) values (29, 1);


insert into movie_language (id_movie, id_language) values (6, 50);
insert into movie_language (id_movie, id_language) values (19, 44);
insert into movie_language (id_movie, id_language) values (4, 44);
insert into movie_language (id_movie, id_language) values (15, 30);
insert into movie_language (id_movie, id_language) values (42, 20);
insert into movie_language (id_movie, id_language) values (46, 38);
insert into movie_language (id_movie, id_language) values (32, 33);
insert into movie_language (id_movie, id_language) values (24, 10);
insert into movie_language (id_movie, id_language) values (36, 16);
insert into movie_language (id_movie, id_language) values (14, 22);
insert into movie_language (id_movie, id_language) values (40, 31);
insert into movie_language (id_movie, id_language) values (14, 32);
insert into movie_language (id_movie, id_language) values (47, 37);
insert into movie_language (id_movie, id_language) values (23, 42);
insert into movie_language (id_movie, id_language) values (36, 31);
insert into movie_language (id_movie, id_language) values (15, 18);
insert into movie_language (id_movie, id_language) values (3, 33);
insert into movie_language (id_movie, id_language) values (22, 4);
insert into movie_language (id_movie, id_language) values (16, 17);
insert into movie_language (id_movie, id_language) values (13, 1);
insert into movie_language (id_movie, id_language) values (29, 2);
insert into movie_language (id_movie, id_language) values (47, 28);
insert into movie_language (id_movie, id_language) values (46, 40);
insert into movie_language (id_movie, id_language) values (46, 27);
insert into movie_language (id_movie, id_language) values (11, 48);
insert into movie_language (id_movie, id_language) values (48, 34);
insert into movie_language (id_movie, id_language) values (24, 20);
insert into movie_language (id_movie, id_language) values (47, 17);
insert into movie_language (id_movie, id_language) values (24, 41);
insert into movie_language (id_movie, id_language) values (32, 26);
insert into movie_language (id_movie, id_language) values (38, 6);
insert into movie_language (id_movie, id_language) values (47, 26);
insert into movie_language (id_movie, id_language) values (39, 29);
insert into movie_language (id_movie, id_language) values (30, 9);
insert into movie_language (id_movie, id_language) values (14, 3);
insert into movie_language (id_movie, id_language) values (42, 33);
insert into movie_language (id_movie, id_language) values (36, 49);
insert into movie_language (id_movie, id_language) values (47, 39);
insert into movie_language (id_movie, id_language) values (23, 20);
insert into movie_language (id_movie, id_language) values (43, 10);
insert into movie_language (id_movie, id_language) values (38, 2);
insert into movie_language (id_movie, id_language) values (47, 50);
insert into movie_language (id_movie, id_language) values (23, 11);
insert into movie_language (id_movie, id_language) values (2, 18);
insert into movie_language (id_movie, id_language) values (28, 49);
insert into movie_language (id_movie, id_language) values (1, 14);
insert into movie_language (id_movie, id_language) values (24, 27);
insert into movie_language (id_movie, id_language) values (21, 2);
insert into movie_language (id_movie, id_language) values (27, 32);
insert into movie_language (id_movie, id_language) values (31, 23);


insert into movie_actor (id_movie, id_actor) values (45, 9);
insert into movie_actor (id_movie, id_actor) values (36, 19);
insert into movie_actor (id_movie, id_actor) values (21, 49);
insert into movie_actor (id_movie, id_actor) values (31, 36);
insert into movie_actor (id_movie, id_actor) values (1, 42);
insert into movie_actor (id_movie, id_actor) values (29, 6);
insert into movie_actor (id_movie, id_actor) values (47, 43);
insert into movie_actor (id_movie, id_actor) values (2, 44);
insert into movie_actor (id_movie, id_actor) values (50, 7);
insert into movie_actor (id_movie, id_actor) values (29, 10);
insert into movie_actor (id_movie, id_actor) values (37, 40);
insert into movie_actor (id_movie, id_actor) values (21, 10);
insert into movie_actor (id_movie, id_actor) values (5, 38);
insert into movie_actor (id_movie, id_actor) values (27, 49);
insert into movie_actor (id_movie, id_actor) values (47, 20);
insert into movie_actor (id_movie, id_actor) values (32, 40);
insert into movie_actor (id_movie, id_actor) values (24, 20);
insert into movie_actor (id_movie, id_actor) values (47, 29);
insert into movie_actor (id_movie, id_actor) values (41, 26);
insert into movie_actor (id_movie, id_actor) values (11, 28);
insert into movie_actor (id_movie, id_actor) values (48, 46);
insert into movie_actor (id_movie, id_actor) values (13, 10);
insert into movie_actor (id_movie, id_actor) values (26, 34);
insert into movie_actor (id_movie, id_actor) values (19, 10);
insert into movie_actor (id_movie, id_actor) values (14, 11);
insert into movie_actor (id_movie, id_actor) values (7, 12);
insert into movie_actor (id_movie, id_actor) values (3, 5);
insert into movie_actor (id_movie, id_actor) values (33, 10);
insert into movie_actor (id_movie, id_actor) values (7, 38);
insert into movie_actor (id_movie, id_actor) values (47, 22);
insert into movie_actor (id_movie, id_actor) values (1, 12);
insert into movie_actor (id_movie, id_actor) values (18, 5);
insert into movie_actor (id_movie, id_actor) values (21, 43);
insert into movie_actor (id_movie, id_actor) values (4, 20);
insert into movie_actor (id_movie, id_actor) values (7, 26);
insert into movie_actor (id_movie, id_actor) values (17, 12);
insert into movie_actor (id_movie, id_actor) values (20, 35);
insert into movie_actor (id_movie, id_actor) values (47, 13);
insert into movie_actor (id_movie, id_actor) values (19, 18);
insert into movie_actor (id_movie, id_actor) values (38, 47);
insert into movie_actor (id_movie, id_actor) values (10, 18);
insert into movie_actor (id_movie, id_actor) values (3, 14);
insert into movie_actor (id_movie, id_actor) values (26, 18);
insert into movie_actor (id_movie, id_actor) values (33, 36);
insert into movie_actor (id_movie, id_actor) values (29, 50);
insert into movie_actor (id_movie, id_actor) values (46, 8);
insert into movie_actor (id_movie, id_actor) values (48, 35);
insert into movie_actor (id_movie, id_actor) values (40, 27);
insert into movie_actor (id_movie, id_actor) values (47, 37);


insert into trailer (id, id_movie, link) values (1, 8, 'http://uiuc.edu');
insert into trailer (id, id_movie, link) values (2, 9, 'http://pagesperso-orange.fr');
insert into trailer (id, id_movie, link) values (3, 33, 'http://house.gov');
insert into trailer (id, id_movie, link) values (4, 31, 'http://nhs.uk');
insert into trailer (id, id_movie, link) values (5, 27, 'http://narod.ru');
insert into trailer (id, id_movie, link) values (6, 20, 'http://cnn.com');
insert into trailer (id, id_movie, link) values (7, 35, 'http://google.it');
insert into trailer (id, id_movie, link) values (8, 29, 'https://cbc.ca');
insert into trailer (id, id_movie, link) values (9, 25, 'http://yale.edu');
insert into trailer (id, id_movie, link) values (10, 33, 'https://mashable.com');
insert into trailer (id, id_movie, link) values (11, 8, 'https://google.pl');
insert into trailer (id, id_movie, link) values (12, 41, 'https://goodreads.com');
insert into trailer (id, id_movie, link) values (13, 31, 'https://economist.com');
insert into trailer (id, id_movie, link) values (14, 47, 'https://shareasale.com');
insert into trailer (id, id_movie, link) values (15, 50, 'https://gmpg.org');
insert into trailer (id, id_movie, link) values (16, 48, 'http://craigslist.org');
insert into trailer (id, id_movie, link) values (17, 36, 'https://surveymonkey.com');
insert into trailer (id, id_movie, link) values (18, 34, 'http://alexa.com');
insert into trailer (id, id_movie, link) values (19, 28, 'http://topsy.com');
insert into trailer (id, id_movie, link) values (20, 5, 'https://hatena.ne.jp');
insert into trailer (id, id_movie, link) values (21, 37, 'http://bloglines.com');
insert into trailer (id, id_movie, link) values (22, 25, 'https://fema.gov');
insert into trailer (id, id_movie, link) values (23, 42, 'https://berkeley.edu');
insert into trailer (id, id_movie, link) values (24, 34, 'https://accuweather.com');
insert into trailer (id, id_movie, link) values (25, 12, 'https://digg.com');
insert into trailer (id, id_movie, link) values (26, 7, 'https://reverbnation.com');
insert into trailer (id, id_movie, link) values (27, 44, 'http://technorati.com');
insert into trailer (id, id_movie, link) values (28, 9, 'https://wired.com');
insert into trailer (id, id_movie, link) values (29, 48, 'http://walmart.com');
insert into trailer (id, id_movie, link) values (30, 46, 'http://ucoz.ru');
insert into trailer (id, id_movie, link) values (31, 9, 'https://discovery.com');
insert into trailer (id, id_movie, link) values (32, 24, 'https://parallels.com');
insert into trailer (id, id_movie, link) values (33, 14, 'https://opera.com');
insert into trailer (id, id_movie, link) values (34, 19, 'https://cpanel.net');
insert into trailer (id, id_movie, link) values (35, 20, 'https://bbb.org');
insert into trailer (id, id_movie, link) values (36, 42, 'http://hatena.ne.jp');
insert into trailer (id, id_movie, link) values (37, 19, 'http://storify.com');
insert into trailer (id, id_movie, link) values (38, 29, 'http://economist.com');
insert into trailer (id, id_movie, link) values (39, 19, 'https://blog.com');
insert into trailer (id, id_movie, link) values (40, 30, 'https://usgs.gov');
insert into trailer (id, id_movie, link) values (41, 47, 'https://reverbnation.com');
insert into trailer (id, id_movie, link) values (42, 15, 'http://mozilla.org');
insert into trailer (id, id_movie, link) values (43, 39, 'https://bbb.org');
insert into trailer (id, id_movie, link) values (44, 36, 'https://bigcartel.com');
insert into trailer (id, id_movie, link) values (45, 19, 'https://eventbrite.com');
insert into trailer (id, id_movie, link) values (46, 3, 'http://cocolog-nifty.com');
insert into trailer (id, id_movie, link) values (47, 42, 'https://yahoo.co.jp');
insert into trailer (id, id_movie, link) values (48, 10, 'http://si.edu');
insert into trailer (id, id_movie, link) values (49, 27, 'https://hc360.com');
insert into trailer (id, id_movie, link) values (50, 13, 'https://furl.net');

