-- phpMyAdmin SQL Dump
-- version 5.1.1
-- https://www.phpmyadmin.net/
--
-- Máy chủ: db
-- Thời gian đã tạo: Th5 31, 2022 lúc 04:30 AM
-- Phiên bản máy phục vụ: 8.0.27
-- Phiên bản PHP: 7.4.20

SET SQL_MODE = "NO_AUTO_VALUE_ON_ZERO";
START TRANSACTION;
SET time_zone = "+00:00";


/*!40101 SET @OLD_CHARACTER_SET_CLIENT=@@CHARACTER_SET_CLIENT */;
/*!40101 SET @OLD_CHARACTER_SET_RESULTS=@@CHARACTER_SET_RESULTS */;
/*!40101 SET @OLD_COLLATION_CONNECTION=@@COLLATION_CONNECTION */;
/*!40101 SET NAMES utf8mb4 */;

--
-- Cơ sở dữ liệu: `movie_website`
--

-- --------------------------------------------------------

--
-- Cấu trúc bảng cho bảng `actor`
--

CREATE TABLE `actor` (
  `id` int NOT NULL,
  `full_name` varchar(50) NOT NULL,
  `description` text,
  `date_of_birth` date DEFAULT NULL,
  `place_of_birth` varchar(200) DEFAULT NULL,
  `avatar` text
) ENGINE=InnoDB DEFAULT CHARSET=utf8mb4 COLLATE=utf8mb4_0900_ai_ci;

--
-- Đang đổ dữ liệu cho bảng `actor`
--

INSERT INTO `actor` (`id`, `full_name`, `description`, `date_of_birth`, `place_of_birth`, `avatar`) VALUES
(1, 'Oralie Harrowing', 'Mauris ullamcorper purus sit amet nulla. Quisque arcu libero, rutrum ac, lobortis vel, dapibus at, diam. Nam tristique tortor eu pede.', '1983-10-30', 'Oman', 'http://dummyimage.com/151x100.png/5fa2dd/ffffff'),
(2, 'Ruth Brettelle', 'Praesent blandit. Nam nulla.', '1980-03-15', 'Ecuador', 'http://dummyimage.com/192x100.png/5fa2dd/ffffff'),
(3, 'Pippy Connew', 'Nulla nisl.', '1979-11-25', 'Australia', 'http://dummyimage.com/142x100.png/dddddd/000000'),
(4, 'Matteo Gravell', 'Vestibulum quam sapien, varius ut, blandit non, interdum in, ante. Vestibulum ante ipsum primis in faucibus orci luctus et ultrices posuere cubilia Curae; Duis faucibus accumsan odio.', '1983-06-06', 'Portugal', 'http://dummyimage.com/101x100.png/cc0000/ffffff'),
(5, 'Kimball Leibold', 'Duis ac nibh. Fusce lacus purus, aliquet at, feugiat non, pretium quis, lectus.', '1982-06-04', 'Belgium', 'http://dummyimage.com/172x100.png/5fa2dd/ffffff'),
(6, 'Wendye Queste', 'Nam dui. Proin leo odio, porttitor id, consequat in, consequat ut, nulla.', '1992-11-18', 'Latvia', 'http://dummyimage.com/174x100.png/ff4444/ffffff'),
(7, 'Norean Jehan', 'Duis ac nibh. Fusce lacus purus, aliquet at, feugiat non, pretium quis, lectus.', '1981-02-07', 'France', 'http://dummyimage.com/204x100.png/5fa2dd/ffffff'),
(8, 'Kaela Eagleston', 'Morbi quis tortor id nulla ultrices aliquet.', '1971-01-18', 'Norway', 'http://dummyimage.com/145x100.png/cc0000/ffffff'),
(9, 'Tonia Maxfield', 'Curabitur convallis.', '1982-07-31', 'China', 'http://dummyimage.com/108x100.png/ff4444/ffffff'),
(10, 'Georg Scurr', 'Vestibulum rutrum rutrum neque.', '1987-02-19', 'Thailand', 'http://dummyimage.com/221x100.png/ff4444/ffffff'),
(11, 'Dierdre Segot', 'Nullam porttitor lacus at turpis.', '1971-01-03', 'Palestinian Territory', 'http://dummyimage.com/192x100.png/dddddd/000000'),
(12, 'Alexine Euler', 'Donec vitae nisi. Nam ultrices, libero non mattis pulvinar, nulla pede ullamcorper augue, a suscipit nulla elit ac nulla. Sed vel enim sit amet nunc viverra dapibus.', '1981-08-22', 'Latvia', 'http://dummyimage.com/175x100.png/dddddd/000000'),
(13, 'Shea Sutherden', 'Vestibulum sed magna at nunc commodo placerat.', '1971-05-19', 'Burkina Faso', 'http://dummyimage.com/177x100.png/5fa2dd/ffffff'),
(14, 'Emmanuel Croson', 'Maecenas ut massa quis augue luctus tincidunt.', '1987-12-10', 'Czech Republic', 'http://dummyimage.com/246x100.png/cc0000/ffffff'),
(15, 'Jacobo Bouller', 'Praesent blandit. Nam nulla. Integer pede justo, lacinia eget, tincidunt eget, tempus vel, pede.', '1984-05-18', 'Honduras', 'http://dummyimage.com/233x100.png/dddddd/000000'),
(16, 'Jule Ellit', 'Vivamus vestibulum sagittis sapien.', '1977-08-09', 'Australia', 'http://dummyimage.com/203x100.png/5fa2dd/ffffff'),
(17, 'Trueman Menego', 'Vivamus vel nulla eget eros elementum pellentesque. Quisque porta volutpat erat.', '1980-05-28', 'Poland', 'http://dummyimage.com/153x100.png/ff4444/ffffff'),
(18, 'Bree Weaben', 'Maecenas tincidunt lacus at velit. Vivamus vel nulla eget eros elementum pellentesque.', '1969-09-19', 'Central African Republic', 'http://dummyimage.com/222x100.png/ff4444/ffffff'),
(19, 'Forest Roget', 'Cras mi pede, malesuada in, imperdiet et, commodo vulputate, justo. In blandit ultrices enim. Lorem ipsum dolor sit amet, consectetuer adipiscing elit.', '1993-01-15', 'Russia', 'http://dummyimage.com/119x100.png/dddddd/000000'),
(20, 'Alano Sherar', 'Nam congue, risus semper porta volutpat, quam pede lobortis ligula, sit amet eleifend pede libero quis orci. Nullam molestie nibh in lectus.', '1977-07-13', 'Madagascar', 'http://dummyimage.com/195x100.png/cc0000/ffffff'),
(21, 'Dannie Eastby', 'Pellentesque viverra pede ac diam.', '1972-07-22', 'Morocco', 'http://dummyimage.com/144x100.png/cc0000/ffffff'),
(22, 'D\'arcy Millott', 'In hac habitasse platea dictumst. Aliquam augue quam, sollicitudin vitae, consectetuer eget, rutrum at, lorem. Integer tincidunt ante vel ipsum.', '1985-04-10', 'Poland', 'http://dummyimage.com/112x100.png/cc0000/ffffff'),
(23, 'Mil Bagworth', 'Nam ultrices, libero non mattis pulvinar, nulla pede ullamcorper augue, a suscipit nulla elit ac nulla. Sed vel enim sit amet nunc viverra dapibus.', '1989-03-04', 'China', 'http://dummyimage.com/123x100.png/dddddd/000000'),
(24, 'Garreth Jery', 'Nunc rhoncus dui vel sem.', '1990-03-14', 'Mexico', 'http://dummyimage.com/111x100.png/cc0000/ffffff'),
(25, 'Clementius McCloughen', 'Vestibulum rutrum rutrum neque. Aenean auctor gravida sem.', '1986-09-09', 'China', 'http://dummyimage.com/200x100.png/ff4444/ffffff'),
(26, 'Meredith Ringer', 'Integer ac leo. Pellentesque ultrices mattis odio.', '1976-09-18', 'Malaysia', 'http://dummyimage.com/136x100.png/dddddd/000000'),
(27, 'Che Jacketts', 'Nullam varius.', '1990-01-24', 'Colombia', 'http://dummyimage.com/220x100.png/ff4444/ffffff'),
(28, 'Libbi Frickey', 'Nulla tellus. In sagittis dui vel nisl.', '1994-02-04', 'Cuba', 'http://dummyimage.com/171x100.png/ff4444/ffffff'),
(29, 'Brande MacRury', 'Donec ut dolor. Morbi vel lectus in quam fringilla rhoncus.', '1990-09-20', 'Brazil', 'http://dummyimage.com/247x100.png/cc0000/ffffff'),
(30, 'Rolando Mansford', 'Duis bibendum, felis sed interdum venenatis, turpis enim blandit mi, in porttitor pede justo eu massa. Donec dapibus. Duis at velit eu est congue elementum.', '1993-09-22', 'Honduras', 'http://dummyimage.com/150x100.png/cc0000/ffffff'),
(31, 'Janella Prester', 'Sed vel enim sit amet nunc viverra dapibus.', '1984-06-08', 'India', 'http://dummyimage.com/130x100.png/ff4444/ffffff'),
(32, 'Adiana Braywood', 'Morbi non quam nec dui luctus rutrum. Nulla tellus.', '1994-10-28', 'Indonesia', 'http://dummyimage.com/200x100.png/dddddd/000000'),
(33, 'Jenny Kausche', 'Proin risus. Praesent lectus.', '1984-06-12', 'Colombia', 'http://dummyimage.com/162x100.png/ff4444/ffffff'),
(34, 'Nye Ladds', 'Nunc purus. Phasellus in felis. Donec semper sapien a libero.', '1994-07-08', 'United States', 'http://dummyimage.com/241x100.png/dddddd/000000'),
(35, 'Merrile Curnow', 'Proin risus.', '1987-09-11', 'Philippines', 'http://dummyimage.com/111x100.png/cc0000/ffffff'),
(36, 'Brook Ledwith', 'Nullam molestie nibh in lectus. Pellentesque at nulla.', '1993-03-18', 'Samoa', 'http://dummyimage.com/166x100.png/cc0000/ffffff'),
(37, 'Towney Boar', 'Praesent lectus. Vestibulum quam sapien, varius ut, blandit non, interdum in, ante.', '1974-12-03', 'China', 'http://dummyimage.com/173x100.png/ff4444/ffffff'),
(38, 'Gae Physick', 'Sed vel enim sit amet nunc viverra dapibus. Nulla suscipit ligula in lacus. Curabitur at ipsum ac tellus semper interdum.', '1973-11-02', 'Bahamas', 'http://dummyimage.com/126x100.png/cc0000/ffffff'),
(39, 'Aila Brodbin', 'In hac habitasse platea dictumst.', '1974-03-27', 'Haiti', 'http://dummyimage.com/208x100.png/cc0000/ffffff'),
(40, 'Paquito Talloe', 'Proin interdum mauris non ligula pellentesque ultrices. Phasellus id sapien in sapien iaculis congue. Vivamus metus arcu, adipiscing molestie, hendrerit at, vulputate vitae, nisl.', '1977-09-09', 'Tanzania', 'http://dummyimage.com/211x100.png/ff4444/ffffff'),
(41, 'Jeth Bonner', 'Praesent blandit. Nam nulla. Integer pede justo, lacinia eget, tincidunt eget, tempus vel, pede.', '1984-02-26', 'El Salvador', 'http://dummyimage.com/241x100.png/5fa2dd/ffffff'),
(42, 'Maggi Gaskin', 'Nulla mollis molestie lorem. Quisque ut erat. Curabitur gravida nisi at nibh.', '1984-08-23', 'China', 'http://dummyimage.com/129x100.png/cc0000/ffffff'),
(43, 'Rochell Kirgan', 'Phasellus id sapien in sapien iaculis congue. Vivamus metus arcu, adipiscing molestie, hendrerit at, vulputate vitae, nisl. Aenean lectus.', '1976-05-16', 'Sweden', 'http://dummyimage.com/110x100.png/ff4444/ffffff'),
(44, 'Kippar Hawk', 'Pellentesque viverra pede ac diam.', '1978-12-01', 'Bolivia', 'http://dummyimage.com/218x100.png/ff4444/ffffff'),
(45, 'Tandi Hollier', 'In hac habitasse platea dictumst. Aliquam augue quam, sollicitudin vitae, consectetuer eget, rutrum at, lorem. Integer tincidunt ante vel ipsum.', '1972-05-05', 'Armenia', 'http://dummyimage.com/245x100.png/ff4444/ffffff'),
(46, 'Herminia Seacombe', 'In congue.', '1991-12-25', 'Colombia', 'http://dummyimage.com/149x100.png/cc0000/ffffff'),
(47, 'Luella Vondrasek', 'Proin eu mi. Nulla ac enim. In tempor, turpis nec euismod scelerisque, quam turpis adipiscing lorem, vitae mattis nibh ligula nec sem.', '1970-05-12', 'Philippines', 'http://dummyimage.com/101x100.png/dddddd/000000'),
(48, 'Letty Schimpke', 'Nam congue, risus semper porta volutpat, quam pede lobortis ligula, sit amet eleifend pede libero quis orci. Nullam molestie nibh in lectus.', '1992-02-02', 'Norway', 'http://dummyimage.com/148x100.png/dddddd/000000'),
(49, 'Odo Bausmann', 'Nullam porttitor lacus at turpis. Donec posuere metus vitae ipsum. Aliquam non mauris.', '1983-02-14', 'France', 'http://dummyimage.com/158x100.png/cc0000/ffffff'),
(50, 'Isidore Dudbridge', 'Lorem ipsum dolor sit amet, consectetuer adipiscing elit. Proin risus. Praesent lectus.', '1971-04-17', 'China', 'http://dummyimage.com/208x100.png/cc0000/ffffff');

-- --------------------------------------------------------

--
-- Cấu trúc bảng cho bảng `director`
--

CREATE TABLE `director` (
  `id` int NOT NULL,
  `full_name` varchar(50) NOT NULL,
  `description` text,
  `date_of_birth` date DEFAULT NULL,
  `place_of_birth` varchar(200) DEFAULT NULL,
  `avatar` text
) ENGINE=InnoDB DEFAULT CHARSET=utf8mb4 COLLATE=utf8mb4_0900_ai_ci;

--
-- Đang đổ dữ liệu cho bảng `director`
--

INSERT INTO `director` (`id`, `full_name`, `description`, `date_of_birth`, `place_of_birth`, `avatar`) VALUES
(1, 'Annissa Petyankin', 'Duis bibendum.', '1973-04-20', 'Indonesia', 'http://dummyimage.com/195x100.png/cc0000/ffffff'),
(2, 'Raynell Simmonite', 'Praesent id massa id nisl venenatis lacinia. Aenean sit amet justo. Morbi ut odio.', '1973-09-17', 'Finland', 'http://dummyimage.com/145x100.png/ff4444/ffffff'),
(3, 'Dougie Peinke', 'Vestibulum ante ipsum primis in faucibus orci luctus et ultrices posuere cubilia Curae; Donec pharetra, magna vestibulum aliquet ultrices, erat tortor sollicitudin mi, sit amet lobortis sapien sapien non mi. Integer ac neque. Duis bibendum.', '1970-10-15', 'Afghanistan', 'http://dummyimage.com/122x100.png/cc0000/ffffff'),
(4, 'Aurelie Corps', 'In blandit ultrices enim.', '1977-02-14', 'Guatemala', 'http://dummyimage.com/151x100.png/dddddd/000000'),
(5, 'Sigvard D\'Antuoni', 'Quisque erat eros, viverra eget, congue eget, semper rutrum, nulla. Nunc purus. Phasellus in felis.', '1973-11-13', 'Tanzania', 'http://dummyimage.com/217x100.png/5fa2dd/ffffff'),
(6, 'Dennis Wealthall', 'Vivamus vestibulum sagittis sapien.', '1977-07-22', 'Indonesia', 'http://dummyimage.com/174x100.png/dddddd/000000'),
(7, 'Marielle Rizzardi', 'Vivamus tortor. Duis mattis egestas metus. Aenean fermentum.', '1981-06-29', 'Guatemala', 'http://dummyimage.com/120x100.png/5fa2dd/ffffff'),
(8, 'Rhona Demann', 'Morbi quis tortor id nulla ultrices aliquet. Maecenas leo odio, condimentum id, luctus nec, molestie sed, justo.', '1972-07-19', 'Philippines', 'http://dummyimage.com/179x100.png/cc0000/ffffff'),
(9, 'Casper Levinge', 'Praesent blandit lacinia erat. Vestibulum sed magna at nunc commodo placerat. Praesent blandit.', '1973-12-27', 'Jordan', 'http://dummyimage.com/236x100.png/cc0000/ffffff'),
(10, 'Leone Dunderdale', 'Etiam vel augue. Vestibulum rutrum rutrum neque. Aenean auctor gravida sem.', '1992-12-14', 'Indonesia', 'http://dummyimage.com/180x100.png/ff4444/ffffff'),
(11, 'Zed Abyss', 'Fusce posuere felis sed lacus.', '1989-10-17', 'Greece', 'http://dummyimage.com/146x100.png/ff4444/ffffff'),
(12, 'Sloan Ream', 'Maecenas pulvinar lobortis est. Phasellus sit amet erat.', '1983-04-08', 'Philippines', 'http://dummyimage.com/107x100.png/ff4444/ffffff'),
(13, 'Bobby Ridsdell', 'Etiam justo.', '1977-10-10', 'Cameroon', 'http://dummyimage.com/145x100.png/cc0000/ffffff'),
(14, 'Dawn Micallef', 'In sagittis dui vel nisl. Duis ac nibh.', '1973-09-03', 'Lithuania', 'http://dummyimage.com/194x100.png/cc0000/ffffff'),
(15, 'Raynell Caselli', 'Suspendisse ornare consequat lectus. In est risus, auctor sed, tristique in, tempus sit amet, sem. Fusce consequat.', '1972-08-26', 'Portugal', 'http://dummyimage.com/208x100.png/dddddd/000000'),
(16, 'Francesco Lehr', 'Cum sociis natoque penatibus et magnis dis parturient montes, nascetur ridiculus mus. Vivamus vestibulum sagittis sapien.', '1991-12-03', 'China', 'http://dummyimage.com/122x100.png/ff4444/ffffff'),
(17, 'Salim Clemot', 'Morbi vel lectus in quam fringilla rhoncus. Mauris enim leo, rhoncus sed, vestibulum sit amet, cursus id, turpis. Integer aliquet, massa id lobortis convallis, tortor risus dapibus augue, vel accumsan tellus nisi eu orci.', '1986-11-07', 'Indonesia', 'http://dummyimage.com/232x100.png/ff4444/ffffff'),
(18, 'Simmonds Fernie', 'Etiam justo.', '1987-04-15', 'China', 'http://dummyimage.com/121x100.png/5fa2dd/ffffff'),
(19, 'Davina McKennan', 'Nulla neque libero, convallis eget, eleifend luctus, ultricies eu, nibh. Quisque id justo sit amet sapien dignissim vestibulum.', '1974-02-09', 'Poland', 'http://dummyimage.com/189x100.png/dddddd/000000'),
(20, 'Wallace Henkens', 'Nullam porttitor lacus at turpis. Donec posuere metus vitae ipsum. Aliquam non mauris.', '1991-05-09', 'China', 'http://dummyimage.com/102x100.png/dddddd/000000'),
(21, 'Tanhya Poupard', 'Morbi porttitor lorem id ligula. Suspendisse ornare consequat lectus.', '1980-01-28', 'Malta', 'http://dummyimage.com/170x100.png/cc0000/ffffff'),
(22, 'Ginger Le Fleming', 'Fusce lacus purus, aliquet at, feugiat non, pretium quis, lectus. Suspendisse potenti. In eleifend quam a odio.', '1990-02-21', 'Philippines', 'http://dummyimage.com/121x100.png/cc0000/ffffff'),
(23, 'Cassius Withrop', 'Vestibulum ac est lacinia nisi venenatis tristique. Fusce congue, diam id ornare imperdiet, sapien urna pretium nisl, ut volutpat sapien arcu sed augue.', '1978-01-30', 'Peru', 'http://dummyimage.com/118x100.png/5fa2dd/ffffff'),
(24, 'Sumner Ughini', 'Nullam sit amet turpis elementum ligula vehicula consequat.', '1980-01-11', 'Russia', 'http://dummyimage.com/243x100.png/dddddd/000000'),
(25, 'Tully Robbs', 'Nulla ut erat id mauris vulputate elementum. Nullam varius.', '1985-03-31', 'Russia', 'http://dummyimage.com/161x100.png/dddddd/000000'),
(26, 'Oralle Geddis', 'Pellentesque eget nunc.', '1981-09-13', 'Armenia', 'http://dummyimage.com/170x100.png/dddddd/000000'),
(27, 'Milena Jahndel', 'Aliquam non mauris. Morbi non lectus. Aliquam sit amet diam in magna bibendum imperdiet.', '1980-07-01', 'Russia', 'http://dummyimage.com/209x100.png/ff4444/ffffff'),
(28, 'Nathalia Heathwood', 'Curabitur at ipsum ac tellus semper interdum. Mauris ullamcorper purus sit amet nulla.', '1972-07-10', 'Brazil', 'http://dummyimage.com/113x100.png/dddddd/000000'),
(29, 'Ingaberg Vondracek', 'Donec ut dolor.', '1969-11-03', 'Poland', 'http://dummyimage.com/193x100.png/5fa2dd/ffffff'),
(30, 'Raddy Ilewicz', 'Quisque id justo sit amet sapien dignissim vestibulum. Vestibulum ante ipsum primis in faucibus orci luctus et ultrices posuere cubilia Curae; Nulla dapibus dolor vel est.', '1989-07-25', 'China', 'http://dummyimage.com/128x100.png/ff4444/ffffff'),
(31, 'Cindee Rides', 'Morbi a ipsum.', '1971-11-11', 'United States', 'http://dummyimage.com/198x100.png/cc0000/ffffff'),
(32, 'Rafaello Cordie', 'Aenean lectus. Pellentesque eget nunc. Donec quis orci eget orci vehicula condimentum.', '1994-06-12', 'Bahamas', 'http://dummyimage.com/242x100.png/cc0000/ffffff'),
(33, 'Rollins Avramovsky', 'Maecenas leo odio, condimentum id, luctus nec, molestie sed, justo. Pellentesque viverra pede ac diam. Cras pellentesque volutpat dui.', '1994-07-02', 'China', 'http://dummyimage.com/216x100.png/ff4444/ffffff'),
(34, 'Jandy Stadding', 'Cum sociis natoque penatibus et magnis dis parturient montes, nascetur ridiculus mus.', '1981-09-09', 'Portugal', 'http://dummyimage.com/131x100.png/5fa2dd/ffffff'),
(35, 'Harlin Licciardiello', 'Sed vel enim sit amet nunc viverra dapibus. Nulla suscipit ligula in lacus. Curabitur at ipsum ac tellus semper interdum.', '1979-06-29', 'Nigeria', 'http://dummyimage.com/152x100.png/ff4444/ffffff'),
(36, 'Gay Briiginshaw', 'Phasellus in felis.', '1977-09-18', 'Madagascar', 'http://dummyimage.com/112x100.png/ff4444/ffffff'),
(37, 'Thaddeus Ekkel', 'Nunc purus. Phasellus in felis.', '1985-12-02', 'Portugal', 'http://dummyimage.com/192x100.png/5fa2dd/ffffff'),
(38, 'Brewer Bampfield', 'Suspendisse ornare consequat lectus. In est risus, auctor sed, tristique in, tempus sit amet, sem.', '1992-08-23', 'Philippines', 'http://dummyimage.com/172x100.png/ff4444/ffffff'),
(39, 'Barney Bouldon', 'Integer aliquet, massa id lobortis convallis, tortor risus dapibus augue, vel accumsan tellus nisi eu orci.', '1984-05-14', 'China', 'http://dummyimage.com/130x100.png/dddddd/000000'),
(40, 'Mikaela Whiskin', 'Morbi quis tortor id nulla ultrices aliquet. Maecenas leo odio, condimentum id, luctus nec, molestie sed, justo.', '1988-09-17', 'Maldives', 'http://dummyimage.com/187x100.png/cc0000/ffffff'),
(41, 'Eugenio Beeby', 'Nullam porttitor lacus at turpis. Donec posuere metus vitae ipsum.', '1970-01-21', 'Nicaragua', 'http://dummyimage.com/131x100.png/cc0000/ffffff'),
(42, 'Melva Docksey', 'In tempor, turpis nec euismod scelerisque, quam turpis adipiscing lorem, vitae mattis nibh ligula nec sem.', '1970-03-18', 'China', 'http://dummyimage.com/146x100.png/ff4444/ffffff'),
(43, 'Edd Hazlehurst', 'Mauris lacinia sapien quis libero.', '1987-07-20', 'Indonesia', 'http://dummyimage.com/225x100.png/dddddd/000000'),
(44, 'Gram Petrazzi', 'Sed ante. Vivamus tortor.', '1984-05-04', 'South Africa', 'http://dummyimage.com/186x100.png/dddddd/000000'),
(45, 'Gui Cuttle', 'Pellentesque ultrices mattis odio. Donec vitae nisi. Nam ultrices, libero non mattis pulvinar, nulla pede ullamcorper augue, a suscipit nulla elit ac nulla.', '1983-09-09', 'Indonesia', 'http://dummyimage.com/232x100.png/cc0000/ffffff'),
(46, 'Pammy Vandenhoff', 'Nulla justo. Aliquam quis turpis eget elit sodales scelerisque.', '1983-04-29', 'Armenia', 'http://dummyimage.com/224x100.png/5fa2dd/ffffff'),
(47, 'Ajay Barstow', 'Duis bibendum.', '1991-05-11', 'Sweden', 'http://dummyimage.com/208x100.png/cc0000/ffffff'),
(48, 'Lorene McCurtain', 'Quisque id justo sit amet sapien dignissim vestibulum. Vestibulum ante ipsum primis in faucibus orci luctus et ultrices posuere cubilia Curae; Nulla dapibus dolor vel est. Donec odio justo, sollicitudin ut, suscipit a, feugiat et, eros.', '1971-02-01', 'Indonesia', 'http://dummyimage.com/171x100.png/5fa2dd/ffffff'),
(49, 'Belia Eingerfield', 'In hac habitasse platea dictumst.', '1990-04-12', 'China', 'http://dummyimage.com/155x100.png/ff4444/ffffff'),
(50, 'Amabel O\'Siaghail', 'Curabitur at ipsum ac tellus semper interdum. Mauris ullamcorper purus sit amet nulla. Quisque arcu libero, rutrum ac, lobortis vel, dapibus at, diam.', '1982-10-27', 'United States', 'http://dummyimage.com/194x100.png/ff4444/ffffff');

-- --------------------------------------------------------

--
-- Cấu trúc bảng cho bảng `genres`
--

CREATE TABLE `genres` (
  `id` int NOT NULL,
  `name` varchar(50) NOT NULL
) ENGINE=InnoDB DEFAULT CHARSET=utf8mb4 COLLATE=utf8mb4_0900_ai_ci;

--
-- Đang đổ dữ liệu cho bảng `genres`
--

INSERT INTO `genres` (`id`, `name`) VALUES
(1, 'Action'),
(2, 'Animation'),
(3, 'Children'),
(4, 'Classics'),
(5, 'Comedy'),
(6, 'Documentary'),
(7, 'Drama'),
(8, 'Family'),
(9, 'Foreign'),
(10, 'Games'),
(11, 'Horror'),
(12, 'Music'),
(13, 'New'),
(14, 'Sci-Fi'),
(15, 'Sports'),
(16, 'Travel');

-- --------------------------------------------------------

--
-- Cấu trúc bảng cho bảng `manufacturer`
--

CREATE TABLE `manufacturer` (
  `id` int NOT NULL,
  `name` varchar(50) NOT NULL,
  `establish` date DEFAULT NULL,
  `owner` varchar(200) DEFAULT NULL,
  `managing_director` varchar(100) NOT NULL,
  `website` text NOT NULL
) ENGINE=InnoDB DEFAULT CHARSET=utf8mb4 COLLATE=utf8mb4_0900_ai_ci;

--
-- Đang đổ dữ liệu cho bảng `manufacturer`
--

INSERT INTO `manufacturer` (`id`, `name`, `establish`, `owner`, `managing_director`, `website`) VALUES
(1, 'Myworks', '1997-08-15', 'Courtney Barbary', 'Nickie Weblin', 'https://www.20thcenturystudios.com/'),
(2, 'Rhyloo', '1999-02-19', 'Roxane Astin', 'Kinna Schimke', 'https://www.pixar.com/'),
(3, 'Muxo', '1995-02-14', 'Gertruda Solley', 'Davon Snozzwell', 'https://www.paramountpictures.com/'),
(4, 'Yotz', '1998-03-17', 'Gwenni Melsome', 'Alexina Bonifacio', 'https://www.warnerbros.com/'),
(5, 'Reallinks', '1998-05-01', 'Hi McGawn', 'Romy Westcarr', 'https://www.paramountpictures.com/'),
(6, 'Meembee', '1998-10-10', 'Dulcie Nicholl', 'Killie Fiddeman', 'https://www.paramountpictures.com/'),
(7, 'Youfeed', '1998-10-28', 'Montgomery Josham', 'Page Bullen', 'https://www.pixar.com/'),
(8, 'Dynabox', '1998-02-27', 'Blakelee Gossage', 'Sella Quarrie', 'http://www.sonypicturesstudios.com/'),
(9, 'Twimbo', '1996-03-15', 'Arlen Oldam', 'Fannie Warrick', 'https://www.paramountpictures.com/'),
(10, 'Zoovu', '1998-03-11', 'Tisha Peedell', 'Klarrisa Todd', 'https://www.waltdisneystudios.com/');

-- --------------------------------------------------------

--
-- Cấu trúc bảng cho bảng `movie`
--

CREATE TABLE `movie` (
  `id` int NOT NULL,
  `title` text NOT NULL,
  `description` text NOT NULL,
  `id_director` int DEFAULT NULL,
  `release_date` date DEFAULT NULL,
  `length` int DEFAULT NULL,
  `rating` enum('G','PG','PG-13','R','NC-17','NR') DEFAULT NULL,
  `id_title_type` int DEFAULT NULL,
  `poster` text NOT NULL,
  `episode` int NOT NULL,
  `current_episode` int NOT NULL,
  `imdb` float DEFAULT NULL
) ENGINE=InnoDB DEFAULT CHARSET=utf8mb4 COLLATE=utf8mb4_0900_ai_ci;

--
-- Đang đổ dữ liệu cho bảng `movie`
--

INSERT INTO `movie` (`id`, `title`, `description`, `id_director`, `release_date`, `length`, `rating`, `id_title_type`, `poster`, `episode`, `current_episode`, `imdb`) VALUES
(1, 'Jet Pilot', 'Maecenas ut massa quis augue luctus tincidunt. Nulla mollis molestie lorem. Quisque ut erat.', 43, '2021-11-25', 188, 'PG', 7, 'http://dummyimage.com/137x100.png/5fa2dd/ffffff', 1, 1, 1.1),
(2, 'The Diary of Preston Plummer', 'Praesent lectus. Vestibulum quam sapien, varius ut, blandit non, interdum in, ante. Vestibulum ante ipsum primis in faucibus orci luctus et ultrices posuere cubilia Curae; Duis faucibus accumsan odio.', 14, '2011-03-10', 185, 'PG', 7, 'http://dummyimage.com/235x100.png/cc0000/ffffff', 1, 1, 3.8),
(3, 'Cuba', 'Quisque porta volutpat erat.', 2, '2012-04-01', 95, 'G', 1, 'http://dummyimage.com/141x100.png/cc0000/ffffff', 1, 1, 2.3),
(4, 'Casting Couch', 'Vestibulum quam sapien, varius ut, blandit non, interdum in, ante. Vestibulum ante ipsum primis in faucibus orci luctus et ultrices posuere cubilia Curae; Duis faucibus accumsan odio.', 14, '2013-02-09', 177, 'G', 1, 'http://dummyimage.com/137x100.png/5fa2dd/ffffff', 1, 1, 3.5),
(5, 'DarkBlueAlmostBlack (Azuloscurocasinegro)', 'In hac habitasse platea dictumst. Etiam faucibus cursus urna. Ut tellus.', 14, '2012-07-21', 288, 'NC-17', 5, 'http://dummyimage.com/122x100.png/ff4444/ffffff', 1, 1, 1),
(6, 'Dark Days', 'Cras pellentesque volutpat dui. Maecenas tristique, est et tempus semper, est quam pharetra magna, ac consequat metus sapien ut nunc.', 15, '2021-02-22', 286, 'G', 5, 'http://dummyimage.com/145x100.png/dddddd/000000', 1, 1, 2.3),
(7, 'American Werewolf in Paris, An', 'Phasellus in felis. Donec semper sapien a libero.', 14, '2003-10-11', 124, 'G', 7, 'http://dummyimage.com/191x100.png/ff4444/ffffff', 1, 1, 6.9),
(8, 'My Mother\'s Castle (Château de ma mère, Le)', 'Donec odio justo, sollicitudin ut, suscipit a, feugiat et, eros.', 1, '2016-09-28', 181, 'PG', 5, 'http://dummyimage.com/142x100.png/cc0000/ffffff', 1, 1, 2.5),
(9, 'Blue Swallow (Cheong yeon)', 'Morbi quis tortor id nulla ultrices aliquet. Maecenas leo odio, condimentum id, luctus nec, molestie sed, justo. Pellentesque viverra pede ac diam.', 32, '2005-06-19', 286, 'PG-13', 5, 'http://dummyimage.com/125x100.png/cc0000/ffffff', 1, 1, 6.2),
(10, 'White Water Summer', 'In sagittis dui vel nisl.', 2, '2008-06-19', 282, 'NC-17', 5, 'http://dummyimage.com/244x100.png/5fa2dd/ffffff', 1, 1, 3.5),
(11, 'Amazing Transparent Man, The', 'Duis bibendum.', 8, '2001-07-29', 230, 'PG-13', 1, 'http://dummyimage.com/182x100.png/ff4444/ffffff', 1, 1, 4.4),
(12, 'Jim Breuer: And Laughter for All', 'Suspendisse accumsan tortor quis turpis. Sed ante.', 44, '2007-03-06', 108, 'NC-17', 7, 'http://dummyimage.com/123x100.png/cc0000/ffffff', 1, 1, 4.4),
(13, 'My Dog Tulip', 'Aenean fermentum. Donec ut mauris eget massa tempor convallis.', 50, '2008-05-10', 299, 'PG', 5, 'http://dummyimage.com/178x100.png/cc0000/ffffff', 1, 1, 9.8),
(14, 'Visitors, The', 'Duis at velit eu est congue elementum.', 28, '2019-01-28', 132, 'R', 1, 'http://dummyimage.com/211x100.png/dddddd/000000', 1, 1, 6),
(15, 'Guide to Recognizing Your Saints, A', 'Morbi non quam nec dui luctus rutrum.', 11, '2010-08-19', 107, 'PG-13', 4, 'http://dummyimage.com/140x100.png/ff4444/ffffff', 1, 1, 6.5),
(16, 'Day at the Races, A', 'In blandit ultrices enim.', 20, '2004-11-07', 121, 'PG-13', 1, 'http://dummyimage.com/116x100.png/5fa2dd/ffffff', 1, 1, 6.6),
(17, 'Serial Killer Culture', 'Donec dapibus. Duis at velit eu est congue elementum.', 23, '2011-08-29', 280, 'R', 5, 'http://dummyimage.com/131x100.png/dddddd/000000', 1, 1, 0.2),
(18, 'Mansfield Park', 'In quis justo. Maecenas rhoncus aliquam lacus. Morbi quis tortor id nulla ultrices aliquet.', 2, '2009-08-02', 157, 'G', 1, 'http://dummyimage.com/225x100.png/ff4444/ffffff', 1, 1, 1.9),
(19, 'Miss Meadows', 'Donec dapibus. Duis at velit eu est congue elementum.', 10, '2020-12-24', 160, 'NC-17', 4, 'http://dummyimage.com/192x100.png/cc0000/ffffff', 1, 1, 9.8),
(20, '3 Extremes (Three... Extremes) (Saam gaang yi)', 'Curabitur convallis. Duis consequat dui nec nisi volutpat eleifend.', 35, '2016-01-16', 270, 'R', 7, 'http://dummyimage.com/219x100.png/ff4444/ffffff', 1, 1, 1.2),
(21, 'Shallow Grave', 'Quisque ut erat.', 35, '2012-08-26', 244, 'R', 1, 'http://dummyimage.com/232x100.png/ff4444/ffffff', 1, 1, 4.5),
(22, 'Phish: Bittersweet Motel', 'Pellentesque viverra pede ac diam. Cras pellentesque volutpat dui. Maecenas tristique, est et tempus semper, est quam pharetra magna, ac consequat metus sapien ut nunc.', 49, '2013-06-06', 300, 'G', 7, 'http://dummyimage.com/226x100.png/dddddd/000000', 1, 1, 4.2),
(23, 'Vegas Vacation (National Lampoon\'s Las Vegas Vacation)', 'Nullam sit amet turpis elementum ligula vehicula consequat. Morbi a ipsum.', 7, '2001-09-07', 280, 'R', 7, 'http://dummyimage.com/233x100.png/5fa2dd/ffffff', 1, 1, 6.2),
(24, 'Any Which Way You Can', 'Donec semper sapien a libero.', 17, '2001-08-05', 299, 'PG-13', 7, 'http://dummyimage.com/155x100.png/ff4444/ffffff', 1, 1, 6.9),
(25, 'Designing Woman', 'Nam ultrices, libero non mattis pulvinar, nulla pede ullamcorper augue, a suscipit nulla elit ac nulla.', 23, '2006-11-23', 176, 'G', 1, 'http://dummyimage.com/124x100.png/cc0000/ffffff', 1, 1, 4.3),
(26, 'We Bought a Zoo', 'In sagittis dui vel nisl. Duis ac nibh.', 18, '2005-08-19', 231, 'PG-13', 7, 'http://dummyimage.com/162x100.png/ff4444/ffffff', 1, 1, 0.2),
(27, 'Man-Proof', 'Nulla tempus.', 5, '2011-10-12', 271, 'PG-13', 4, 'http://dummyimage.com/250x100.png/ff4444/ffffff', 1, 1, 5.5),
(28, 'About a Boy', 'In est risus, auctor sed, tristique in, tempus sit amet, sem.', 18, '2004-06-24', 265, 'NC-17', 1, 'http://dummyimage.com/134x100.png/ff4444/ffffff', 1, 1, 5.9),
(29, 'Annie Oakley', 'In blandit ultrices enim. Lorem ipsum dolor sit amet, consectetuer adipiscing elit. Proin interdum mauris non ligula pellentesque ultrices.', 27, '2013-10-05', 96, 'PG', 4, 'http://dummyimage.com/155x100.png/cc0000/ffffff', 1, 1, 5.5),
(30, 'Do the Right Thing', 'Donec posuere metus vitae ipsum.', 16, '2018-04-11', 223, 'G', 5, 'http://dummyimage.com/209x100.png/ff4444/ffffff', 1, 1, 4.2),
(31, 'Terry Pratchett: Choosing to Die', 'Vivamus metus arcu, adipiscing molestie, hendrerit at, vulputate vitae, nisl. Aenean lectus. Pellentesque eget nunc.', 14, '2013-10-25', 275, 'G', 7, 'http://dummyimage.com/150x100.png/ff4444/ffffff', 1, 1, 0.5),
(32, 'Sniper', 'Pellentesque at nulla.', 14, '2012-09-22', 135, 'NC-17', 4, 'http://dummyimage.com/239x100.png/ff4444/ffffff', 1, 1, 0.8),
(33, 'Bon Voyage, Charlie Brown (and Don\'t Come Back!)', 'Vestibulum ante ipsum primis in faucibus orci luctus et ultrices posuere cubilia Curae; Nulla dapibus dolor vel est.', 26, '2007-04-02', 262, 'G', 7, 'http://dummyimage.com/236x100.png/cc0000/ffffff', 1, 1, 5.2),
(34, 'Bachelor Apartment', 'Nam congue, risus semper porta volutpat, quam pede lobortis ligula, sit amet eleifend pede libero quis orci.', 12, '2008-10-20', 209, 'PG', 4, 'http://dummyimage.com/100x100.png/ff4444/ffffff', 1, 1, 8.4),
(35, 'Crimson Pirate, The', 'Duis bibendum, felis sed interdum venenatis, turpis enim blandit mi, in porttitor pede justo eu massa.', 41, '2017-04-01', 250, 'NC-17', 7, 'http://dummyimage.com/106x100.png/cc0000/ffffff', 1, 1, 6),
(36, 'Beat Street', 'Morbi a ipsum.', 30, '2008-04-21', 292, 'PG-13', 4, 'http://dummyimage.com/111x100.png/5fa2dd/ffffff', 1, 1, 5.4),
(37, 'Let No Man Write My Epitaph', 'Cras non velit nec nisi vulputate nonummy. Maecenas tincidunt lacus at velit.', 9, '2012-12-28', 274, 'PG', 5, 'http://dummyimage.com/107x100.png/cc0000/ffffff', 1, 1, 9.3),
(38, 'Jumanji', 'Nunc nisl. Duis bibendum, felis sed interdum venenatis, turpis enim blandit mi, in porttitor pede justo eu massa. Donec dapibus.', 26, '2003-08-15', 180, 'PG-13', 5, 'http://dummyimage.com/126x100.png/cc0000/ffffff', 1, 1, 2.5),
(39, 'Night Moves', 'Donec dapibus. Duis at velit eu est congue elementum.', 9, '2006-06-29', 254, 'G', 7, 'http://dummyimage.com/211x100.png/dddddd/000000', 1, 1, 3.2),
(40, 'My Family', 'Phasellus in felis. Donec semper sapien a libero. Nam dui.', 30, '2020-10-03', 206, 'PG-13', 4, 'http://dummyimage.com/222x100.png/dddddd/000000', 1, 1, 0.8),
(41, 'Forever Amber', 'Suspendisse potenti. Nullam porttitor lacus at turpis. Donec posuere metus vitae ipsum.', 45, '2016-04-18', 202, 'PG-13', 1, 'http://dummyimage.com/218x100.png/5fa2dd/ffffff', 1, 1, 5),
(42, 'Prime Suspect: Inner Circles', 'Nullam orci pede, venenatis non, sodales sed, tincidunt eu, felis. Fusce posuere felis sed lacus. Morbi sem mauris, laoreet ut, rhoncus aliquet, pulvinar sed, nisl.', 7, '2021-01-04', 279, 'R', 4, 'http://dummyimage.com/104x100.png/cc0000/ffffff', 1, 1, 6.6),
(43, 'Purple Violets', 'Curabitur gravida nisi at nibh. In hac habitasse platea dictumst. Aliquam augue quam, sollicitudin vitae, consectetuer eget, rutrum at, lorem.', 44, '2019-12-07', 262, 'NC-17', 7, 'http://dummyimage.com/120x100.png/5fa2dd/ffffff', 1, 1, 3.4),
(44, 'George Lopez: It\'s Not Me, It\'s You', 'Nulla tempus. Vivamus in felis eu sapien cursus vestibulum. Proin eu mi.', 4, '2001-03-13', 286, 'PG-13', 4, 'http://dummyimage.com/202x100.png/ff4444/ffffff', 1, 1, 8.4),
(45, 'My Son (Mon fils à moi)', 'Mauris enim leo, rhoncus sed, vestibulum sit amet, cursus id, turpis. Integer aliquet, massa id lobortis convallis, tortor risus dapibus augue, vel accumsan tellus nisi eu orci.', 25, '2004-02-02', 116, 'G', 1, 'http://dummyimage.com/160x100.png/5fa2dd/ffffff', 1, 1, 5.4),
(46, 'Road to Bali', 'Aliquam augue quam, sollicitudin vitae, consectetuer eget, rutrum at, lorem. Integer tincidunt ante vel ipsum. Praesent blandit lacinia erat.', 40, '2017-07-16', 172, 'G', 5, 'http://dummyimage.com/151x100.png/5fa2dd/ffffff', 1, 1, 1.9),
(47, 'End of Violence, The', 'Quisque id justo sit amet sapien dignissim vestibulum. Vestibulum ante ipsum primis in faucibus orci luctus et ultrices posuere cubilia Curae; Nulla dapibus dolor vel est.', 43, '2013-01-13', 183, 'NC-17', 4, 'http://dummyimage.com/116x100.png/ff4444/ffffff', 1, 1, 2.7),
(48, 'Odd Couple, The', 'Nulla ac enim. In tempor, turpis nec euismod scelerisque, quam turpis adipiscing lorem, vitae mattis nibh ligula nec sem. Duis aliquam convallis nunc.', 11, '2014-07-04', 162, 'PG-13', 1, 'http://dummyimage.com/197x100.png/5fa2dd/ffffff', 1, 1, 1.3),
(49, 'Xtro', 'Maecenas rhoncus aliquam lacus.', 11, '2021-05-04', 273, 'PG', 5, 'http://dummyimage.com/219x100.png/5fa2dd/ffffff', 1, 1, 5.8),
(50, 'All Dogs Go to Heaven', 'Duis at velit eu est congue elementum. In hac habitasse platea dictumst.', 15, '2003-05-29', 139, 'PG-13', 5, 'http://dummyimage.com/233x100.png/dddddd/000000', 1, 1, 6.3),
(51, 'Skin, Skin (Käpy selän alla)', 'Aliquam non mauris. Morbi non lectus. Aliquam sit amet diam in magna bibendum imperdiet.', 14, '2018-01-17', 132, 'R', 4, 'http://dummyimage.com/250x100.png/ff4444/ffffff', 1, 1, 6.2),
(52, 'Instrument', 'Nam nulla. Integer pede justo, lacinia eget, tincidunt eget, tempus vel, pede.', 17, '2004-08-27', 276, 'G', 4, 'http://dummyimage.com/143x100.png/ff4444/ffffff', 1, 1, 2.2),
(53, 'Few of Us', 'Lorem ipsum dolor sit amet, consectetuer adipiscing elit.', 41, '2013-04-25', 252, 'NR', 5, 'http://dummyimage.com/115x100.png/ff4444/ffffff', 1, 1, 4),
(54, 'Bread and Roses', 'Maecenas pulvinar lobortis est. Phasellus sit amet erat.', 41, '2011-09-03', 126, 'PG', 7, 'http://dummyimage.com/244x100.png/5fa2dd/ffffff', 1, 1, 6.5),
(55, 'Lymelife', 'Sed vel enim sit amet nunc viverra dapibus. Nulla suscipit ligula in lacus.', 13, '2014-03-11', 157, 'NC-17', 4, 'http://dummyimage.com/184x100.png/ff4444/ffffff', 1, 1, 7.9),
(56, 'Hellboy', 'Nam congue, risus semper porta volutpat, quam pede lobortis ligula, sit amet eleifend pede libero quis orci. Nullam molestie nibh in lectus.', 16, '2012-08-01', 150, 'R', 1, 'http://dummyimage.com/226x100.png/dddddd/000000', 1, 1, 2.9),
(57, 'Santa Sangre', 'Praesent blandit lacinia erat. Vestibulum sed magna at nunc commodo placerat. Praesent blandit.', 50, '2018-01-12', 116, 'R', 1, 'http://dummyimage.com/204x100.png/ff4444/ffffff', 1, 1, 1.3),
(58, 'Girl 27', 'Duis ac nibh.', 13, '2012-03-07', 126, 'R', 1, 'http://dummyimage.com/164x100.png/ff4444/ffffff', 1, 1, 7),
(59, 'Heavy Metal Parking Lot', 'Duis at velit eu est congue elementum. In hac habitasse platea dictumst. Morbi vestibulum, velit id pretium iaculis, diam erat fermentum justo, nec condimentum neque sapien placerat ante.', 28, '2005-01-30', 153, 'NR', 4, 'http://dummyimage.com/164x100.png/dddddd/000000', 1, 1, 8.7),
(60, 'Samurai Assassin (Samurai)', 'Nulla ac enim. In tempor, turpis nec euismod scelerisque, quam turpis adipiscing lorem, vitae mattis nibh ligula nec sem. Duis aliquam convallis nunc.', 12, '2017-03-06', 207, 'PG-13', 4, 'http://dummyimage.com/169x100.png/5fa2dd/ffffff', 1, 1, 6.2),
(61, 'Black Pond', 'Proin at turpis a pede posuere nonummy.', 46, '2019-05-07', 260, 'PG-13', 7, 'http://dummyimage.com/208x100.png/dddddd/000000', 1, 1, 7.5),
(62, 'Side by Side', 'Nulla justo.', 46, '2020-09-03', 142, 'NC-17', 1, 'http://dummyimage.com/203x100.png/cc0000/ffffff', 1, 1, 0.1),
(63, 'Annie Get Your Gun', 'Integer ac leo.', 44, '2019-05-21', 294, 'PG-13', 5, 'http://dummyimage.com/184x100.png/dddddd/000000', 1, 1, 6.5),
(64, 'Beast at Bay, A', 'Nulla nisl.', 40, '2018-10-01', 278, 'G', 5, 'http://dummyimage.com/241x100.png/cc0000/ffffff', 1, 1, 4.1),
(65, 'Uprising', 'Cras pellentesque volutpat dui.', 10, '2007-01-06', 223, 'PG', 5, 'http://dummyimage.com/208x100.png/5fa2dd/ffffff', 1, 1, 0.2),
(66, 'Kwaidan (Kaidan)', 'Integer ac neque. Duis bibendum. Morbi non quam nec dui luctus rutrum.', 28, '2016-03-06', 227, 'G', 4, 'http://dummyimage.com/156x100.png/cc0000/ffffff', 1, 1, 5.4),
(67, 'Gidget', 'Etiam pretium iaculis justo. In hac habitasse platea dictumst. Etiam faucibus cursus urna.', 12, '2003-02-01', 188, 'NC-17', 5, 'http://dummyimage.com/132x100.png/ff4444/ffffff', 1, 1, 7.8),
(68, 'Golden Christmas 3, A', 'Aliquam quis turpis eget elit sodales scelerisque.', 1, '2019-08-03', 119, 'NC-17', 7, 'http://dummyimage.com/139x100.png/ff4444/ffffff', 1, 1, 0.1),
(69, 'Lady and the Tramp', 'Nam ultrices, libero non mattis pulvinar, nulla pede ullamcorper augue, a suscipit nulla elit ac nulla. Sed vel enim sit amet nunc viverra dapibus.', 36, '2016-06-01', 269, 'G', 5, 'http://dummyimage.com/130x100.png/5fa2dd/ffffff', 1, 1, 2.2),
(70, 'Ill Manors', 'Cras mi pede, malesuada in, imperdiet et, commodo vulputate, justo. In blandit ultrices enim.', 49, '2002-08-22', 243, 'NR', 7, 'http://dummyimage.com/249x100.png/5fa2dd/ffffff', 1, 1, 1.4),
(71, 'Jimi Hendrix: Hear My Train A Comin\'', 'Maecenas ut massa quis augue luctus tincidunt. Nulla mollis molestie lorem. Quisque ut erat.', 16, '2001-08-30', 255, 'NC-17', 4, 'http://dummyimage.com/190x100.png/5fa2dd/ffffff', 1, 1, 6),
(72, 'Embalmer, The (Imbalsamatore, L\')', 'Donec odio justo, sollicitudin ut, suscipit a, feugiat et, eros. Vestibulum ac est lacinia nisi venenatis tristique.', 10, '2002-10-24', 126, 'G', 1, 'http://dummyimage.com/113x100.png/cc0000/ffffff', 1, 1, 3),
(73, 'Black Knight', 'Donec posuere metus vitae ipsum.', 35, '2012-07-26', 107, 'PG-13', 7, 'http://dummyimage.com/210x100.png/ff4444/ffffff', 1, 1, 3.1),
(74, 'Never Too Young to Die', 'Nunc purus. Phasellus in felis. Donec semper sapien a libero.', 16, '2012-09-05', 106, 'NC-17', 7, 'http://dummyimage.com/115x100.png/dddddd/000000', 1, 1, 2.3),
(75, 'The Raid 2: Berandal', 'Morbi odio odio, elementum eu, interdum eu, tincidunt in, leo. Maecenas pulvinar lobortis est.', 6, '2013-06-06', 238, 'G', 4, 'http://dummyimage.com/164x100.png/5fa2dd/ffffff', 1, 1, 5.5),
(76, 'Antboy II: Revenge of the Red Fury (Antboy: Den Røde Furies Hævn)', 'Nam nulla.', 19, '2008-04-03', 172, 'NC-17', 4, 'http://dummyimage.com/188x100.png/dddddd/000000', 1, 1, 6.1),
(77, 'Carriers', 'Nullam orci pede, venenatis non, sodales sed, tincidunt eu, felis. Fusce posuere felis sed lacus.', 33, '2011-05-27', 125, 'PG', 7, 'http://dummyimage.com/115x100.png/ff4444/ffffff', 1, 1, 0.2),
(78, 'Million Ways to Die in the West, A', 'Nulla tempus. Vivamus in felis eu sapien cursus vestibulum.', 43, '2016-05-30', 243, 'G', 4, 'http://dummyimage.com/220x100.png/cc0000/ffffff', 1, 1, 4.5),
(79, 'We Are the Best! (Vi är bäst!)', 'Cras mi pede, malesuada in, imperdiet et, commodo vulputate, justo. In blandit ultrices enim.', 6, '2015-07-20', 237, 'R', 5, 'http://dummyimage.com/250x100.png/5fa2dd/ffffff', 1, 1, 3.4),
(80, 'Chastity Bites', 'Cras pellentesque volutpat dui. Maecenas tristique, est et tempus semper, est quam pharetra magna, ac consequat metus sapien ut nunc. Vestibulum ante ipsum primis in faucibus orci luctus et ultrices posuere cubilia Curae; Mauris viverra diam vitae quam.', 5, '2010-10-18', 113, 'R', 5, 'http://dummyimage.com/206x100.png/cc0000/ffffff', 1, 1, 7.5),
(81, 'Jack and Sarah', 'Nullam orci pede, venenatis non, sodales sed, tincidunt eu, felis.', 33, '2021-09-16', 245, 'NR', 5, 'http://dummyimage.com/182x100.png/dddddd/000000', 1, 1, 0.2),
(82, 'R100', 'Nam congue, risus semper porta volutpat, quam pede lobortis ligula, sit amet eleifend pede libero quis orci. Nullam molestie nibh in lectus. Pellentesque at nulla.', 19, '2019-10-07', 230, 'PG', 7, 'http://dummyimage.com/146x100.png/ff4444/ffffff', 1, 1, 7.5),
(83, 'Pot v raj', 'Aenean sit amet justo. Morbi ut odio. Cras mi pede, malesuada in, imperdiet et, commodo vulputate, justo.', 3, '2002-10-24', 121, 'G', 4, 'http://dummyimage.com/149x100.png/ff4444/ffffff', 1, 1, 5.7),
(84, 'Second in Command', 'Pellentesque ultrices mattis odio. Donec vitae nisi.', 33, '2013-07-15', 149, 'R', 4, 'http://dummyimage.com/135x100.png/cc0000/ffffff', 1, 1, 2.1),
(85, 'Jurassic Park III', 'Vestibulum ante ipsum primis in faucibus orci luctus et ultrices posuere cubilia Curae; Nulla dapibus dolor vel est. Donec odio justo, sollicitudin ut, suscipit a, feugiat et, eros.', 32, '2017-07-07', 106, 'NR', 5, 'http://dummyimage.com/127x100.png/5fa2dd/ffffff', 1, 1, 7.9),
(86, 'Ménilmontant', 'Maecenas ut massa quis augue luctus tincidunt.', 42, '2015-03-21', 209, 'NR', 4, 'http://dummyimage.com/221x100.png/ff4444/ffffff', 1, 1, 2),
(87, 'Stake Land', 'Nam ultrices, libero non mattis pulvinar, nulla pede ullamcorper augue, a suscipit nulla elit ac nulla.', 45, '2001-06-10', 280, 'PG-13', 5, 'http://dummyimage.com/100x100.png/ff4444/ffffff', 1, 1, 5.5),
(88, 'Fast Lane', 'Donec odio justo, sollicitudin ut, suscipit a, feugiat et, eros.', 47, '2015-11-26', 131, 'PG-13', 5, 'http://dummyimage.com/120x100.png/dddddd/000000', 1, 1, 8.4),
(89, 'Tale from the Past, A (Përralle Nga e Kaluara)', 'Morbi non lectus.', 48, '2003-11-13', 196, 'NR', 4, 'http://dummyimage.com/181x100.png/dddddd/000000', 1, 1, 2.8),
(90, 'Green Dragon', 'Duis bibendum, felis sed interdum venenatis, turpis enim blandit mi, in porttitor pede justo eu massa. Donec dapibus.', 31, '2001-11-18', 147, 'NR', 1, 'http://dummyimage.com/238x100.png/5fa2dd/ffffff', 1, 1, 7.6),
(91, 'Cabaret Balkan (Bure Baruta)', 'Ut tellus.', 25, '2001-01-03', 211, 'NC-17', 7, 'http://dummyimage.com/203x100.png/ff4444/ffffff', 1, 1, 9.9),
(92, 'Violette (Violette Nozière)', 'In tempor, turpis nec euismod scelerisque, quam turpis adipiscing lorem, vitae mattis nibh ligula nec sem.', 42, '2008-09-12', 132, 'G', 7, 'http://dummyimage.com/212x100.png/dddddd/000000', 1, 1, 2.8),
(93, 'Rumble in the Bronx (Hont faan kui)', 'Cras pellentesque volutpat dui. Maecenas tristique, est et tempus semper, est quam pharetra magna, ac consequat metus sapien ut nunc. Vestibulum ante ipsum primis in faucibus orci luctus et ultrices posuere cubilia Curae; Mauris viverra diam vitae quam.', 49, '2007-04-11', 131, 'PG-13', 7, 'http://dummyimage.com/139x100.png/cc0000/ffffff', 1, 1, 2.5),
(94, 'Gothika', 'Nulla tempus. Vivamus in felis eu sapien cursus vestibulum. Proin eu mi.', 14, '2017-02-18', 92, 'NC-17', 5, 'http://dummyimage.com/132x100.png/5fa2dd/ffffff', 1, 1, 2.2),
(95, 'Dom Hemingway', 'In tempor, turpis nec euismod scelerisque, quam turpis adipiscing lorem, vitae mattis nibh ligula nec sem. Duis aliquam convallis nunc. Proin at turpis a pede posuere nonummy.', 44, '2008-08-07', 274, 'NR', 5, 'http://dummyimage.com/153x100.png/cc0000/ffffff', 1, 1, 9.6),
(96, 'Gui Si (Silk)', 'Vivamus vestibulum sagittis sapien. Cum sociis natoque penatibus et magnis dis parturient montes, nascetur ridiculus mus.', 22, '2005-04-12', 180, 'NC-17', 4, 'http://dummyimage.com/207x100.png/cc0000/ffffff', 1, 1, 7.8),
(97, 'Pokémon: The First Movie', 'Aliquam erat volutpat. In congue. Etiam justo.', 47, '2021-10-03', 141, 'G', 7, 'http://dummyimage.com/149x100.png/dddddd/000000', 1, 1, 3.1),
(98, 'Broken Windows', 'Nunc rhoncus dui vel sem.', 8, '2014-07-17', 255, 'R', 7, 'http://dummyimage.com/119x100.png/ff4444/ffffff', 1, 1, 2.1),
(99, 'Fighting Prince of Donegal, The', 'Duis ac nibh. Fusce lacus purus, aliquet at, feugiat non, pretium quis, lectus.', 8, '2009-07-21', 190, 'R', 5, 'http://dummyimage.com/235x100.png/5fa2dd/ffffff', 1, 1, 3.2),
(100, 'Yours, Mine and Ours', 'Suspendisse potenti.', 43, '2002-11-25', 166, 'R', 4, 'http://dummyimage.com/247x100.png/ff4444/ffffff', 1, 1, 8.8),
(101, 'Ten Seconds to Hell', 'Praesent blandit lacinia erat.', 40, '2006-06-27', 107, 'PG', 5, 'http://dummyimage.com/143x100.png/dddddd/000000', 1, 1, 4.5),
(102, 'Devil\'s Eye, The (Djävulens öga)', 'Vivamus vel nulla eget eros elementum pellentesque. Quisque porta volutpat erat. Quisque erat eros, viverra eget, congue eget, semper rutrum, nulla.', 10, '2004-07-21', 226, 'PG', 4, 'http://dummyimage.com/192x100.png/ff4444/ffffff', 1, 1, 3.1),
(103, 'Lassie', 'Aenean lectus.', 22, '2013-07-20', 236, 'R', 5, 'http://dummyimage.com/202x100.png/dddddd/000000', 1, 1, 6.5),
(104, 'High School Musical 3: Senior Year', 'Fusce consequat. Nulla nisl.', 39, '2003-02-11', 255, 'PG', 1, 'http://dummyimage.com/112x100.png/cc0000/ffffff', 1, 1, 0.5),
(105, 'Aeon Flux', 'Quisque arcu libero, rutrum ac, lobortis vel, dapibus at, diam. Nam tristique tortor eu pede.', 49, '2019-10-07', 222, 'PG', 5, 'http://dummyimage.com/187x100.png/cc0000/ffffff', 1, 1, 5.4),
(106, 'Criminal Code, The', 'Nulla ac enim.', 44, '2012-07-19', 220, 'R', 4, 'http://dummyimage.com/150x100.png/ff4444/ffffff', 1, 1, 7.4),
(107, 'Woman Next Door, The (Femme d\'à côté, La)', 'Cras non velit nec nisi vulputate nonummy.', 26, '2019-04-04', 151, 'NC-17', 1, 'http://dummyimage.com/192x100.png/ff4444/ffffff', 1, 1, 9.6),
(108, 'Border Feud', 'Suspendisse potenti. Nullam porttitor lacus at turpis. Donec posuere metus vitae ipsum.', 30, '2011-08-12', 214, 'PG', 7, 'http://dummyimage.com/199x100.png/ff4444/ffffff', 1, 1, 8.5),
(109, 'Family Resemblances (Un air de famille)', 'In blandit ultrices enim.', 21, '2017-05-10', 126, 'G', 1, 'http://dummyimage.com/184x100.png/dddddd/000000', 1, 1, 2.7),
(110, 'Stranger by the Lake (L\'inconnu du lac)', 'Proin at turpis a pede posuere nonummy. Integer non velit.', 37, '2020-10-13', 293, 'PG', 7, 'http://dummyimage.com/243x100.png/dddddd/000000', 1, 1, 4.2),
(111, 'Time Code', 'Cras pellentesque volutpat dui. Maecenas tristique, est et tempus semper, est quam pharetra magna, ac consequat metus sapien ut nunc.', 40, '2016-11-11', 131, 'R', 1, 'http://dummyimage.com/106x100.png/cc0000/ffffff', 1, 1, 1.9),
(112, 'Six in Paris (Paris vu par...)', 'Vestibulum ac est lacinia nisi venenatis tristique. Fusce congue, diam id ornare imperdiet, sapien urna pretium nisl, ut volutpat sapien arcu sed augue. Aliquam erat volutpat.', 31, '2011-08-13', 222, 'G', 7, 'http://dummyimage.com/103x100.png/ff4444/ffffff', 1, 1, 9.4),
(113, 'Listen Up Philip', 'In hac habitasse platea dictumst. Maecenas ut massa quis augue luctus tincidunt. Nulla mollis molestie lorem.', 42, '2009-06-01', 182, 'PG', 4, 'http://dummyimage.com/138x100.png/ff4444/ffffff', 1, 1, 0.6),
(114, 'Outland', 'Praesent blandit lacinia erat. Vestibulum sed magna at nunc commodo placerat.', 3, '2009-03-28', 194, 'R', 4, 'http://dummyimage.com/161x100.png/cc0000/ffffff', 1, 1, 8.2),
(115, 'Antboy II: Revenge of the Red Fury (Antboy: Den Røde Furies Hævn)', 'Fusce lacus purus, aliquet at, feugiat non, pretium quis, lectus. Suspendisse potenti.', 43, '2022-03-22', 180, 'NR', 4, 'http://dummyimage.com/153x100.png/5fa2dd/ffffff', 1, 1, 6.2),
(116, 'Jay And Silent Bob\'s Super Groovy Cartoon Movie', 'Morbi porttitor lorem id ligula. Suspendisse ornare consequat lectus. In est risus, auctor sed, tristique in, tempus sit amet, sem.', 4, '2016-09-25', 189, 'R', 1, 'http://dummyimage.com/130x100.png/dddddd/000000', 1, 1, 0.1),
(117, 'Strange Planet', 'Duis at velit eu est congue elementum.', 17, '2003-12-29', 294, 'PG', 4, 'http://dummyimage.com/198x100.png/ff4444/ffffff', 1, 1, 5.3),
(118, 'Streetcar Named Desire, A', 'Integer non velit.', 6, '2008-03-05', 138, 'NC-17', 5, 'http://dummyimage.com/150x100.png/ff4444/ffffff', 1, 1, 3.4),
(119, 'Bela Kiss: Prologue', 'Nulla tellus. In sagittis dui vel nisl.', 18, '2005-02-19', 97, 'R', 5, 'http://dummyimage.com/171x100.png/5fa2dd/ffffff', 1, 1, 0.2),
(120, 'Smitty', 'Ut tellus.', 49, '2004-07-16', 278, 'PG', 5, 'http://dummyimage.com/199x100.png/ff4444/ffffff', 1, 1, 3.6),
(121, 'La Legge Violenta Della Squadra Anticrimine', 'Duis mattis egestas metus. Aenean fermentum. Donec ut mauris eget massa tempor convallis.', 36, '2013-02-13', 202, 'NR', 7, 'http://dummyimage.com/198x100.png/dddddd/000000', 1, 1, 7.5),
(122, 'I Feel Sleepy', 'Nullam porttitor lacus at turpis.', 18, '2017-02-10', 220, 'NR', 5, 'http://dummyimage.com/237x100.png/dddddd/000000', 1, 1, 2.3),
(123, 'Crooks in Clover (a.k.a. Monsieur Gangster) (Les tontons flingueurs)', 'Vestibulum quam sapien, varius ut, blandit non, interdum in, ante. Vestibulum ante ipsum primis in faucibus orci luctus et ultrices posuere cubilia Curae; Duis faucibus accumsan odio.', 19, '2019-05-19', 267, 'G', 1, 'http://dummyimage.com/117x100.png/5fa2dd/ffffff', 1, 1, 9.5),
(124, 'Sinbad: The Fifth Voyage', 'Vestibulum ante ipsum primis in faucibus orci luctus et ultrices posuere cubilia Curae; Nulla dapibus dolor vel est.', 45, '2013-10-28', 154, 'G', 7, 'http://dummyimage.com/193x100.png/dddddd/000000', 1, 1, 4.7),
(125, 'Endgame: Blueprint for Global Enslavement', 'In hac habitasse platea dictumst. Maecenas ut massa quis augue luctus tincidunt. Nulla mollis molestie lorem.', 47, '2022-04-20', 203, 'G', 5, 'http://dummyimage.com/182x100.png/cc0000/ffffff', 1, 1, 2.8),
(126, 'She\'s Out of My League', 'Nullam varius. Nulla facilisi. Cras non velit nec nisi vulputate nonummy.', 47, '2020-11-29', 281, 'G', 4, 'http://dummyimage.com/179x100.png/dddddd/000000', 1, 1, 2.6),
(127, 'Un Piede in paradiso', 'Nullam sit amet turpis elementum ligula vehicula consequat. Morbi a ipsum.', 39, '2021-12-29', 257, 'NR', 4, 'http://dummyimage.com/188x100.png/cc0000/ffffff', 1, 1, 4),
(128, 'Isabelle au bois dormant', 'Maecenas tincidunt lacus at velit. Vivamus vel nulla eget eros elementum pellentesque.', 2, '2003-04-03', 293, 'PG', 7, 'http://dummyimage.com/218x100.png/5fa2dd/ffffff', 1, 1, 8.3),
(129, 'Papillon', 'Quisque ut erat. Curabitur gravida nisi at nibh. In hac habitasse platea dictumst.', 32, '2002-08-07', 279, 'NR', 7, 'http://dummyimage.com/138x100.png/5fa2dd/ffffff', 1, 1, 8),
(130, 'Promise, The (Wu ji)', 'Vestibulum sed magna at nunc commodo placerat. Praesent blandit.', 46, '2008-12-07', 176, 'R', 4, 'http://dummyimage.com/246x100.png/cc0000/ffffff', 1, 1, 3.7),
(131, 'Ah, Wilderness!', 'Ut tellus.', 4, '2005-05-15', 293, 'NC-17', 7, 'http://dummyimage.com/189x100.png/5fa2dd/ffffff', 1, 1, 3.2),
(132, 'From Beyond', 'Nulla suscipit ligula in lacus.', 2, '2021-10-22', 237, 'PG', 1, 'http://dummyimage.com/203x100.png/cc0000/ffffff', 1, 1, 7.8),
(133, 'On Probation (Tiempo de Valientes)', 'Curabitur in libero ut massa volutpat convallis.', 11, '2013-08-30', 294, 'R', 7, 'http://dummyimage.com/100x100.png/5fa2dd/ffffff', 1, 1, 6.6),
(134, 'Klute', 'In est risus, auctor sed, tristique in, tempus sit amet, sem.', 42, '2017-09-16', 122, 'NC-17', 1, 'http://dummyimage.com/178x100.png/ff4444/ffffff', 1, 1, 8.4),
(135, 'Intimacy', 'Donec ut mauris eget massa tempor convallis. Nulla neque libero, convallis eget, eleifend luctus, ultricies eu, nibh. Quisque id justo sit amet sapien dignissim vestibulum.', 14, '2001-04-09', 286, 'NC-17', 5, 'http://dummyimage.com/240x100.png/5fa2dd/ffffff', 1, 1, 7),
(136, 'Things I Like, Things I Don\'t Like (Foutaises)', 'Aliquam erat volutpat. In congue.', 35, '2006-08-06', 298, 'NR', 7, 'http://dummyimage.com/146x100.png/cc0000/ffffff', 1, 1, 7.1),
(137, 'Nancy Drew: Detective', 'Donec dapibus. Duis at velit eu est congue elementum. In hac habitasse platea dictumst.', 49, '2019-07-01', 106, 'NC-17', 7, 'http://dummyimage.com/126x100.png/cc0000/ffffff', 1, 1, 9.8),
(138, 'Last of the High Kings, The (a.k.a. Summer Fling)', 'In hac habitasse platea dictumst. Aliquam augue quam, sollicitudin vitae, consectetuer eget, rutrum at, lorem. Integer tincidunt ante vel ipsum.', 16, '2020-11-27', 144, 'G', 7, 'http://dummyimage.com/195x100.png/cc0000/ffffff', 1, 1, 7.7),
(139, 'Inconvenient Tax, An', 'Aenean lectus. Pellentesque eget nunc. Donec quis orci eget orci vehicula condimentum.', 46, '2020-12-30', 299, 'NR', 5, 'http://dummyimage.com/100x100.png/dddddd/000000', 1, 1, 6.4),
(140, 'Lucky One, The', 'Sed accumsan felis.', 38, '2012-05-11', 287, 'R', 5, 'http://dummyimage.com/161x100.png/dddddd/000000', 1, 1, 6.5),
(141, 'Close My Eyes', 'Nunc nisl.', 15, '2010-12-11', 209, 'PG', 7, 'http://dummyimage.com/197x100.png/5fa2dd/ffffff', 1, 1, 5),
(142, 'Eastern Drift (Indigène d\'Eurasie)', 'Nulla tellus. In sagittis dui vel nisl.', 30, '2002-05-21', 299, 'R', 7, 'http://dummyimage.com/193x100.png/cc0000/ffffff', 1, 1, 7.6),
(143, 'Carts of Darkness', 'Maecenas pulvinar lobortis est. Phasellus sit amet erat.', 46, '2018-03-13', 221, 'G', 4, 'http://dummyimage.com/197x100.png/ff4444/ffffff', 1, 1, 6.1),
(144, 'Deuce Bigalow: Male Gigolo', 'Nunc nisl.', 25, '2016-11-15', 154, 'R', 5, 'http://dummyimage.com/199x100.png/dddddd/000000', 1, 1, 8.6),
(145, 'Replacements, The', 'In hac habitasse platea dictumst.', 21, '2020-09-04', 107, 'PG-13', 7, 'http://dummyimage.com/179x100.png/cc0000/ffffff', 1, 1, 9.8),
(146, 'Who Are you Polly Maggoo (Qui êtes-vous, Polly Maggoo?)', 'Vestibulum ante ipsum primis in faucibus orci luctus et ultrices posuere cubilia Curae; Donec pharetra, magna vestibulum aliquet ultrices, erat tortor sollicitudin mi, sit amet lobortis sapien sapien non mi.', 15, '2019-02-03', 208, 'NR', 5, 'http://dummyimage.com/190x100.png/5fa2dd/ffffff', 1, 1, 7.6),
(147, 'Action in the North Atlantic', 'Ut tellus.', 23, '2008-05-08', 222, 'PG-13', 5, 'http://dummyimage.com/190x100.png/ff4444/ffffff', 1, 1, 8.8),
(148, 'Gun in Betty Lou\'s Handbag, The', 'Lorem ipsum dolor sit amet, consectetuer adipiscing elit.', 3, '2005-11-17', 257, 'R', 1, 'http://dummyimage.com/241x100.png/cc0000/ffffff', 1, 1, 5.1),
(149, 'On the Road', 'Morbi non quam nec dui luctus rutrum.', 32, '2004-11-20', 39, 'G', 3, 'http://dummyimage.com/185x100.png/ff4444/ffffff', 10, 5, 6.2),
(150, 'Herb & Dorothy', 'Nulla tempus.', 19, '2020-03-13', 54, 'NR', 3, 'http://dummyimage.com/248x100.png/5fa2dd/ffffff', 10, 3, 2.6),
(151, 'Splendor', 'Nulla ut erat id mauris vulputate elementum. Nullam varius.', 4, '2021-01-25', 55, 'R', 6, 'http://dummyimage.com/107x100.png/ff4444/ffffff', 10, 3, 1.1),
(152, 'Hero Wanted', 'Nunc nisl. Duis bibendum, felis sed interdum venenatis, turpis enim blandit mi, in porttitor pede justo eu massa. Donec dapibus.', 12, '2018-06-29', 45, 'NC-17', 6, 'http://dummyimage.com/133x100.png/ff4444/ffffff', 10, 6, 2.1),
(153, 'Notebook, The (A nagy füzet)', 'Cum sociis natoque penatibus et magnis dis parturient montes, nascetur ridiculus mus. Vivamus vestibulum sagittis sapien.', 13, '2000-12-15', 32, 'PG-13', 3, 'http://dummyimage.com/116x100.png/dddddd/000000', 10, 4, 2.5),
(154, 'Ella Lola, a la Trilby', 'Nunc purus.', 32, '2018-05-28', 53, 'R', 3, 'http://dummyimage.com/139x100.png/dddddd/000000', 10, 5, 9),
(155, 'Navigators, The', 'Nam nulla.', 5, '2021-07-26', 22, 'PG', 3, 'http://dummyimage.com/179x100.png/ff4444/ffffff', 10, 2, 9.9),
(156, 'Great World of Sound', 'Morbi non lectus.', 18, '2006-07-09', 36, 'R', 8, 'http://dummyimage.com/127x100.png/ff4444/ffffff', 10, 4, 1.6),
(157, 'On the Double ', 'Sed vel enim sit amet nunc viverra dapibus. Nulla suscipit ligula in lacus. Curabitur at ipsum ac tellus semper interdum.', 21, '2018-09-28', 33, 'G', 2, 'http://dummyimage.com/111x100.png/ff4444/ffffff', 10, 2, 3.4),
(158, 'River, The', 'Suspendisse ornare consequat lectus.', 17, '2021-06-23', 22, 'PG', 3, 'http://dummyimage.com/109x100.png/5fa2dd/ffffff', 10, 9, 6.8),
(159, 'Training Day', 'Morbi quis tortor id nulla ultrices aliquet. Maecenas leo odio, condimentum id, luctus nec, molestie sed, justo. Pellentesque viverra pede ac diam.', 47, '2019-07-08', 58, 'PG-13', 2, 'http://dummyimage.com/125x100.png/cc0000/ffffff', 10, 6, 5.8),
(160, 'Love unto Death (L\'amour a mort)', 'In quis justo.', 2, '2004-01-19', 40, 'PG', 6, 'http://dummyimage.com/247x100.png/dddddd/000000', 10, 8, 1.1),
(161, 'Prince of the City', 'Nullam varius.', 19, '2016-10-08', 30, 'G', 2, 'http://dummyimage.com/249x100.png/dddddd/000000', 10, 6, 6.6),
(162, 'Harrison\'s Flowers', 'Duis consequat dui nec nisi volutpat eleifend.', 19, '2014-03-26', 32, 'NC-17', 6, 'http://dummyimage.com/164x100.png/cc0000/ffffff', 10, 1, 3.6),
(163, 'Little Dieter Needs to Fly', 'Nulla mollis molestie lorem. Quisque ut erat. Curabitur gravida nisi at nibh.', 31, '2016-12-20', 52, 'PG-13', 3, 'http://dummyimage.com/140x100.png/dddddd/000000', 10, 9, 9.9),
(164, 'Inevitable Defeat of Mister & Pete, The', 'Vivamus tortor. Duis mattis egestas metus. Aenean fermentum.', 27, '2014-08-17', 29, 'R', 6, 'http://dummyimage.com/141x100.png/5fa2dd/ffffff', 10, 5, 0.1),
(165, 'Wrong Guys, The', 'Vestibulum ante ipsum primis in faucibus orci luctus et ultrices posuere cubilia Curae; Duis faucibus accumsan odio. Curabitur convallis. Duis consequat dui nec nisi volutpat eleifend.', 12, '2011-02-23', 31, 'R', 6, 'http://dummyimage.com/162x100.png/dddddd/000000', 10, 1, 3.7),
(166, 'War Horse', 'Nam tristique tortor eu pede.', 34, '2017-08-03', 44, 'PG-13', 6, 'http://dummyimage.com/233x100.png/ff4444/ffffff', 10, 4, 8.4),
(167, 'Longest Yard, The', 'Nullam orci pede, venenatis non, sodales sed, tincidunt eu, felis. Fusce posuere felis sed lacus.', 15, '2020-05-12', 31, 'G', 8, 'http://dummyimage.com/230x100.png/ff4444/ffffff', 10, 6, 6.1),
(168, 'Great McGinty, The', 'Vivamus vel nulla eget eros elementum pellentesque. Quisque porta volutpat erat. Quisque erat eros, viverra eget, congue eget, semper rutrum, nulla.', 27, '2012-10-18', 22, 'R', 6, 'http://dummyimage.com/144x100.png/ff4444/ffffff', 10, 8, 6.5),
(169, 'Strawberries in the Supermarket (Jagoda u supermarketu) ', 'Vestibulum ante ipsum primis in faucibus orci luctus et ultrices posuere cubilia Curae; Duis faucibus accumsan odio. Curabitur convallis. Duis consequat dui nec nisi volutpat eleifend.', 12, '2017-09-12', 48, 'R', 8, 'http://dummyimage.com/161x100.png/dddddd/000000', 10, 1, 6),
(170, 'Them!', 'Donec diam neque, vestibulum eget, vulputate ut, ultrices vel, augue. Vestibulum ante ipsum primis in faucibus orci luctus et ultrices posuere cubilia Curae; Donec pharetra, magna vestibulum aliquet ultrices, erat tortor sollicitudin mi, sit amet lobortis sapien sapien non mi.', 25, '2014-06-13', 51, 'PG-13', 8, 'http://dummyimage.com/133x100.png/cc0000/ffffff', 10, 5, 7.3),
(171, 'Sword of Gideon', 'Proin leo odio, porttitor id, consequat in, consequat ut, nulla. Sed accumsan felis. Ut at dolor quis odio consequat varius.', 9, '2003-03-24', 40, 'R', 3, 'http://dummyimage.com/139x100.png/ff4444/ffffff', 10, 8, 6.1),
(172, 'Voodoo Tiger', 'Etiam faucibus cursus urna. Ut tellus.', 4, '2018-06-20', 54, 'NR', 6, 'http://dummyimage.com/247x100.png/cc0000/ffffff', 10, 5, 6.7),
(173, 'Small Back Room, The', 'Curabitur gravida nisi at nibh. In hac habitasse platea dictumst.', 42, '2020-10-17', 46, 'G', 8, 'http://dummyimage.com/158x100.png/dddddd/000000', 10, 2, 5.1),
(174, 'Belles of St. Trinian\'s, The', 'Donec odio justo, sollicitudin ut, suscipit a, feugiat et, eros.', 48, '2014-10-27', 26, 'PG', 2, 'http://dummyimage.com/115x100.png/cc0000/ffffff', 10, 5, 7.5),
(175, 'Leave Her to Heaven', 'In hac habitasse platea dictumst.', 2, '2012-05-23', 36, 'PG-13', 3, 'http://dummyimage.com/123x100.png/ff4444/ffffff', 10, 6, 3.7),
(176, 'Sahara', 'Quisque erat eros, viverra eget, congue eget, semper rutrum, nulla.', 30, '2009-09-23', 30, 'NC-17', 3, 'http://dummyimage.com/248x100.png/5fa2dd/ffffff', 10, 8, 1.6),
(177, 'David et Madame Hansen', 'Aliquam non mauris.', 22, '2001-07-30', 50, 'PG-13', 2, 'http://dummyimage.com/184x100.png/5fa2dd/ffffff', 10, 1, 0.4),
(178, 'Hand That Rocks the Cradle, The', 'Vestibulum rutrum rutrum neque.', 47, '2001-07-23', 31, 'R', 2, 'http://dummyimage.com/228x100.png/ff4444/ffffff', 10, 1, 3.2),
(179, 'River Murders, The', 'Morbi vestibulum, velit id pretium iaculis, diam erat fermentum justo, nec condimentum neque sapien placerat ante. Nulla justo. Aliquam quis turpis eget elit sodales scelerisque.', 5, '2016-03-15', 53, 'PG', 8, 'http://dummyimage.com/160x100.png/cc0000/ffffff', 10, 2, 9.3),
(180, 'Frankenstein', 'Vestibulum ante ipsum primis in faucibus orci luctus et ultrices posuere cubilia Curae; Duis faucibus accumsan odio. Curabitur convallis. Duis consequat dui nec nisi volutpat eleifend.', 32, '2007-11-20', 58, 'NC-17', 3, 'http://dummyimage.com/162x100.png/cc0000/ffffff', 10, 2, 4.9),
(181, 'Reno 911!: Miami', 'Aliquam augue quam, sollicitudin vitae, consectetuer eget, rutrum at, lorem. Integer tincidunt ante vel ipsum.', 33, '2005-05-01', 30, 'PG', 6, 'http://dummyimage.com/164x100.png/ff4444/ffffff', 10, 8, 3.6),
(182, 'Safe', 'Lorem ipsum dolor sit amet, consectetuer adipiscing elit. Proin risus.', 28, '2002-01-23', 60, 'NC-17', 8, 'http://dummyimage.com/117x100.png/5fa2dd/ffffff', 10, 5, 0.4),
(183, 'It Takes Two', 'Sed vel enim sit amet nunc viverra dapibus.', 19, '2008-09-10', 23, 'NC-17', 8, 'http://dummyimage.com/245x100.png/ff4444/ffffff', 10, 9, 7.9),
(184, 'Het Vonnis', 'In congue. Etiam justo.', 15, '2021-12-05', 54, 'NR', 8, 'http://dummyimage.com/222x100.png/cc0000/ffffff', 10, 9, 3.9),
(185, 'Pitfall', 'Integer aliquet, massa id lobortis convallis, tortor risus dapibus augue, vel accumsan tellus nisi eu orci. Mauris lacinia sapien quis libero. Nullam sit amet turpis elementum ligula vehicula consequat.', 29, '2020-10-09', 37, 'PG-13', 8, 'http://dummyimage.com/167x100.png/5fa2dd/ffffff', 10, 8, 0.4),
(186, 'Star Trek II: The Wrath of Khan', 'Integer ac leo.', 22, '2002-07-25', 29, 'NC-17', 8, 'http://dummyimage.com/141x100.png/ff4444/ffffff', 10, 1, 3.4),
(187, 'Secret Adventures of Gustave Klopp, The (Narco)', 'Phasellus sit amet erat. Nulla tempus.', 35, '2002-10-05', 34, 'PG-13', 3, 'http://dummyimage.com/190x100.png/ff4444/ffffff', 10, 4, 3),
(188, 'Wild River', 'Vestibulum sed magna at nunc commodo placerat.', 44, '2004-05-27', 56, 'G', 8, 'http://dummyimage.com/149x100.png/cc0000/ffffff', 10, 5, 8.4),
(189, 'Peacemaker, The', 'Suspendisse ornare consequat lectus.', 34, '2006-09-07', 35, 'R', 6, 'http://dummyimage.com/209x100.png/5fa2dd/ffffff', 10, 1, 6.4),
(190, 'Knight\'s Tale, A', 'Morbi vel lectus in quam fringilla rhoncus.', 42, '2008-10-03', 34, 'R', 8, 'http://dummyimage.com/183x100.png/dddddd/000000', 10, 6, 2.1),
(191, 'Love! Valour! Compassion!', 'Nulla ac enim. In tempor, turpis nec euismod scelerisque, quam turpis adipiscing lorem, vitae mattis nibh ligula nec sem.', 1, '2011-07-01', 25, 'NC-17', 2, 'http://dummyimage.com/120x100.png/5fa2dd/ffffff', 10, 8, 2.8),
(192, 'Mad City', 'Fusce congue, diam id ornare imperdiet, sapien urna pretium nisl, ut volutpat sapien arcu sed augue. Aliquam erat volutpat.', 12, '2019-01-17', 25, 'NR', 3, 'http://dummyimage.com/113x100.png/cc0000/ffffff', 10, 8, 5.7),
(193, 'Louis Theroux: The Most Hated Family in America in Crisis', 'Quisque id justo sit amet sapien dignissim vestibulum. Vestibulum ante ipsum primis in faucibus orci luctus et ultrices posuere cubilia Curae; Nulla dapibus dolor vel est.', 44, '2017-03-27', 58, 'PG-13', 8, 'http://dummyimage.com/231x100.png/dddddd/000000', 10, 1, 6.6),
(194, 'Cheerleader Camp', 'Aenean lectus. Pellentesque eget nunc. Donec quis orci eget orci vehicula condimentum.', 2, '2008-03-22', 51, 'NC-17', 3, 'http://dummyimage.com/156x100.png/ff4444/ffffff', 10, 9, 8.7),
(195, 'Carrie', 'In hac habitasse platea dictumst. Maecenas ut massa quis augue luctus tincidunt.', 25, '2011-06-20', 28, 'NR', 3, 'http://dummyimage.com/241x100.png/ff4444/ffffff', 10, 6, 8.7),
(196, 'Professional Gun, A (Mercenary, The) (Mercenario, Il)', 'Aenean sit amet justo. Morbi ut odio.', 24, '2006-02-24', 46, 'NR', 6, 'http://dummyimage.com/138x100.png/5fa2dd/ffffff', 10, 9, 3.3),
(197, 'Cutie and the Boxer', 'Fusce posuere felis sed lacus. Morbi sem mauris, laoreet ut, rhoncus aliquet, pulvinar sed, nisl.', 9, '2005-02-05', 34, 'R', 3, 'http://dummyimage.com/155x100.png/dddddd/000000', 10, 10, 2.4),
(198, 'Perfect Family, The', 'Pellentesque viverra pede ac diam.', 28, '2007-03-20', 38, 'PG', 6, 'http://dummyimage.com/112x100.png/ff4444/ffffff', 10, 7, 9.5),
(199, 'Trip, The', 'Nulla facilisi. Cras non velit nec nisi vulputate nonummy.', 42, '2007-11-05', 29, 'NC-17', 6, 'http://dummyimage.com/188x100.png/dddddd/000000', 10, 6, 0.4),
(200, 'Hunger', 'Etiam vel augue. Vestibulum rutrum rutrum neque.', 47, '2020-09-12', 35, 'PG-13', 8, 'http://dummyimage.com/229x100.png/5fa2dd/ffffff', 10, 3, 9.9),
(201, 'Mujhse Shaadi Karogi', 'Phasellus sit amet erat. Nulla tempus.', 46, '2007-07-15', 55, 'R', 6, 'http://dummyimage.com/184x100.png/5fa2dd/ffffff', 10, 3, 4.3),
(202, 'Lone Wolf and Cub: Sword of Vengeance (Kozure Ôkami: Kowokashi udekashi tsukamatsuru)', 'Nam tristique tortor eu pede.', 45, '2020-10-29', 36, 'R', 2, 'http://dummyimage.com/143x100.png/5fa2dd/ffffff', 10, 6, 1),
(203, 'Idiocracy', 'Ut at dolor quis odio consequat varius. Integer ac leo.', 23, '2003-06-04', 55, 'PG-13', 8, 'http://dummyimage.com/207x100.png/ff4444/ffffff', 10, 7, 1.3),
(204, 'Becoming Chaz', 'Vestibulum ante ipsum primis in faucibus orci luctus et ultrices posuere cubilia Curae; Nulla dapibus dolor vel est.', 5, '2005-07-12', 45, 'PG-13', 8, 'http://dummyimage.com/233x100.png/dddddd/000000', 10, 2, 8.4),
(205, 'Jerusalem', 'Sed sagittis. Nam congue, risus semper porta volutpat, quam pede lobortis ligula, sit amet eleifend pede libero quis orci. Nullam molestie nibh in lectus.', 24, '2017-01-04', 24, 'R', 3, 'http://dummyimage.com/168x100.png/5fa2dd/ffffff', 10, 7, 3.1),
(206, 'Manhattan Murder Mystery', 'Phasellus sit amet erat. Nulla tempus.', 12, '2009-01-10', 53, 'NC-17', 6, 'http://dummyimage.com/172x100.png/dddddd/000000', 10, 10, 1.6),
(207, 'The Big One: The Great Los Angeles Earthquake', 'Nulla justo. Aliquam quis turpis eget elit sodales scelerisque.', 27, '2001-10-09', 42, 'R', 8, 'http://dummyimage.com/229x100.png/dddddd/000000', 10, 6, 7.5),
(208, 'Wuthering Heights', 'Donec vitae nisi. Nam ultrices, libero non mattis pulvinar, nulla pede ullamcorper augue, a suscipit nulla elit ac nulla.', 33, '2008-09-27', 50, 'PG-13', 8, 'http://dummyimage.com/143x100.png/dddddd/000000', 10, 3, 0),
(209, 'Smiling Fish and Goat on Fire', 'Integer a nibh.', 48, '2010-10-07', 54, 'G', 6, 'http://dummyimage.com/138x100.png/cc0000/ffffff', 10, 3, 1.4),
(210, 'In the Shadow of the Machine', 'Suspendisse potenti.', 12, '2009-10-11', 52, 'R', 2, 'http://dummyimage.com/140x100.png/5fa2dd/ffffff', 10, 9, 5),
(211, 'Austenland', 'In sagittis dui vel nisl. Duis ac nibh. Fusce lacus purus, aliquet at, feugiat non, pretium quis, lectus.', 15, '2008-04-07', 31, 'R', 8, 'http://dummyimage.com/104x100.png/5fa2dd/ffffff', 10, 7, 7.8),
(212, 'Chilly Scenes of Winter (Head Over Heels)', 'In quis justo.', 24, '2004-02-11', 35, 'NC-17', 2, 'http://dummyimage.com/190x100.png/cc0000/ffffff', 10, 3, 5),
(213, 'House IV', 'Praesent blandit lacinia erat. Vestibulum sed magna at nunc commodo placerat.', 13, '2011-12-23', 46, 'NR', 6, 'http://dummyimage.com/108x100.png/ff4444/ffffff', 10, 2, 3.8),
(214, 'Great Outdoors, The', 'Morbi ut odio. Cras mi pede, malesuada in, imperdiet et, commodo vulputate, justo. In blandit ultrices enim.', 3, '2021-10-09', 47, 'G', 2, 'http://dummyimage.com/106x100.png/dddddd/000000', 10, 6, 5.6),
(215, 'Mindscape of Alan Moore, The', 'Morbi non lectus. Aliquam sit amet diam in magna bibendum imperdiet. Nullam orci pede, venenatis non, sodales sed, tincidunt eu, felis.', 13, '2011-09-25', 23, 'R', 8, 'http://dummyimage.com/238x100.png/dddddd/000000', 10, 2, 5.2),
(216, 'Beverly Hills Cop III', 'Proin risus. Praesent lectus. Vestibulum quam sapien, varius ut, blandit non, interdum in, ante.', 21, '2004-09-11', 32, 'PG', 2, 'http://dummyimage.com/155x100.png/cc0000/ffffff', 10, 6, 3.9),
(217, 'Eat', 'Aliquam non mauris. Morbi non lectus. Aliquam sit amet diam in magna bibendum imperdiet.', 13, '2011-04-15', 54, 'R', 2, 'http://dummyimage.com/203x100.png/ff4444/ffffff', 10, 3, 8.5),
(218, 'Mike Tyson:  Undisputed Truth', 'Nullam orci pede, venenatis non, sodales sed, tincidunt eu, felis. Fusce posuere felis sed lacus.', 8, '2009-11-28', 28, 'NC-17', 8, 'http://dummyimage.com/223x100.png/ff4444/ffffff', 10, 2, 1.9),
(219, 'Reluctant Debutante, The', 'Pellentesque ultrices mattis odio. Donec vitae nisi. Nam ultrices, libero non mattis pulvinar, nulla pede ullamcorper augue, a suscipit nulla elit ac nulla.', 8, '2006-10-29', 20, 'NC-17', 3, 'http://dummyimage.com/166x100.png/cc0000/ffffff', 10, 4, 3.2),
(220, 'Kingdom of the Spiders', 'Nam congue, risus semper porta volutpat, quam pede lobortis ligula, sit amet eleifend pede libero quis orci. Nullam molestie nibh in lectus. Pellentesque at nulla.', 40, '2016-07-11', 25, 'PG', 3, 'http://dummyimage.com/149x100.png/5fa2dd/ffffff', 10, 8, 5.8),
(221, 'Angel\'s Leap', 'Ut tellus.', 17, '2002-07-30', 51, 'NR', 3, 'http://dummyimage.com/219x100.png/5fa2dd/ffffff', 10, 7, 7.7),
(222, 'Lair of the White Worm, The', 'Duis mattis egestas metus. Aenean fermentum. Donec ut mauris eget massa tempor convallis.', 20, '2015-05-23', 36, 'G', 6, 'http://dummyimage.com/179x100.png/dddddd/000000', 10, 4, 2.1),
(223, 'T.N.T.', 'Nullam sit amet turpis elementum ligula vehicula consequat. Morbi a ipsum. Integer a nibh.', 33, '2007-08-31', 48, 'PG', 3, 'http://dummyimage.com/105x100.png/dddddd/000000', 10, 4, 8.9),
(224, 'Wayne\'s World 2', 'Suspendisse potenti. In eleifend quam a odio.', 10, '2021-08-28', 34, 'PG', 6, 'http://dummyimage.com/102x100.png/5fa2dd/ffffff', 10, 7, 1.6),
(225, 'Talk to Her (Hable con Ella)', 'Suspendisse accumsan tortor quis turpis.', 6, '2001-06-19', 40, 'PG-13', 2, 'http://dummyimage.com/170x100.png/5fa2dd/ffffff', 10, 8, 6),
(226, 'Intermezzo', 'Duis at velit eu est congue elementum. In hac habitasse platea dictumst. Morbi vestibulum, velit id pretium iaculis, diam erat fermentum justo, nec condimentum neque sapien placerat ante.', 28, '2015-11-22', 35, 'PG', 2, 'http://dummyimage.com/181x100.png/ff4444/ffffff', 10, 7, 1),
(227, 'La Bande du drugstore', 'Suspendisse ornare consequat lectus. In est risus, auctor sed, tristique in, tempus sit amet, sem.', 6, '2006-06-21', 42, 'G', 8, 'http://dummyimage.com/134x100.png/ff4444/ffffff', 10, 9, 5.3),
(228, 'Building the Inferno: Nobuo Nakagawa and the Making of \'Jigoku\'', 'In hac habitasse platea dictumst. Morbi vestibulum, velit id pretium iaculis, diam erat fermentum justo, nec condimentum neque sapien placerat ante. Nulla justo.', 49, '2012-02-29', 42, 'R', 3, 'http://dummyimage.com/163x100.png/cc0000/ffffff', 10, 5, 5.6),
(229, 'Family Man, The', 'Proin at turpis a pede posuere nonummy. Integer non velit. Donec diam neque, vestibulum eget, vulputate ut, ultrices vel, augue.', 12, '2022-05-26', 33, 'R', 8, 'http://dummyimage.com/163x100.png/5fa2dd/ffffff', 10, 6, 5.8),
(230, 'Debt, The', 'Vestibulum quam sapien, varius ut, blandit non, interdum in, ante. Vestibulum ante ipsum primis in faucibus orci luctus et ultrices posuere cubilia Curae; Duis faucibus accumsan odio. Curabitur convallis.', 30, '2001-12-30', 55, 'NC-17', 2, 'http://dummyimage.com/102x100.png/cc0000/ffffff', 10, 1, 8.1),
(231, 'Human Condition III, The (Ningen no joken III)', 'Aliquam non mauris. Morbi non lectus. Aliquam sit amet diam in magna bibendum imperdiet.', 36, '2022-01-23', 48, 'NR', 2, 'http://dummyimage.com/100x100.png/5fa2dd/ffffff', 10, 4, 1.1),
(232, 'Redline', 'Mauris enim leo, rhoncus sed, vestibulum sit amet, cursus id, turpis. Integer aliquet, massa id lobortis convallis, tortor risus dapibus augue, vel accumsan tellus nisi eu orci.', 37, '2015-08-09', 37, 'PG', 6, 'http://dummyimage.com/139x100.png/ff4444/ffffff', 10, 5, 2.9),
(233, 'Splitting Heirs', 'Nunc rhoncus dui vel sem. Sed sagittis. Nam congue, risus semper porta volutpat, quam pede lobortis ligula, sit amet eleifend pede libero quis orci.', 39, '2008-10-06', 57, 'NC-17', 3, 'http://dummyimage.com/124x100.png/5fa2dd/ffffff', 10, 2, 9.1),
(234, 'Tears of Steel', 'Mauris ullamcorper purus sit amet nulla. Quisque arcu libero, rutrum ac, lobortis vel, dapibus at, diam.', 22, '2012-12-22', 33, 'R', 6, 'http://dummyimage.com/137x100.png/5fa2dd/ffffff', 10, 7, 7.8),
(235, 'Katy Perry: Part of Me', 'Mauris sit amet eros. Suspendisse accumsan tortor quis turpis.', 23, '2003-05-31', 60, 'PG', 3, 'http://dummyimage.com/168x100.png/5fa2dd/ffffff', 10, 9, 0.6),
(236, 'Men in Black II (a.k.a. MIIB) (a.k.a. MIB 2)', 'Nulla ut erat id mauris vulputate elementum.', 14, '2008-07-30', 37, 'PG', 3, 'http://dummyimage.com/217x100.png/dddddd/000000', 10, 8, 5.4),
(237, 'Nest, The (Nid de Guêpes)', 'In sagittis dui vel nisl. Duis ac nibh.', 32, '2010-04-17', 42, 'PG-13', 2, 'http://dummyimage.com/241x100.png/ff4444/ffffff', 10, 6, 1.5),
(238, 'Thing, The', 'Pellentesque at nulla. Suspendisse potenti.', 49, '2002-09-24', 52, 'PG-13', 6, 'http://dummyimage.com/234x100.png/cc0000/ffffff', 10, 3, 6.5);
INSERT INTO `movie` (`id`, `title`, `description`, `id_director`, `release_date`, `length`, `rating`, `id_title_type`, `poster`, `episode`, `current_episode`, `imdb`) VALUES
(239, 'Road to Utopia', 'Donec odio justo, sollicitudin ut, suscipit a, feugiat et, eros.', 11, '2016-11-06', 39, 'PG-13', 2, 'http://dummyimage.com/209x100.png/ff4444/ffffff', 10, 7, 2.4),
(240, 'Chhoti Si Baat', 'In hac habitasse platea dictumst. Morbi vestibulum, velit id pretium iaculis, diam erat fermentum justo, nec condimentum neque sapien placerat ante.', 22, '2001-07-03', 21, 'R', 2, 'http://dummyimage.com/225x100.png/ff4444/ffffff', 10, 10, 6.7),
(241, 'Station, The (Blutgletscher)', 'Aliquam quis turpis eget elit sodales scelerisque. Mauris sit amet eros. Suspendisse accumsan tortor quis turpis.', 45, '2017-07-17', 58, 'NC-17', 3, 'http://dummyimage.com/107x100.png/cc0000/ffffff', 10, 5, 8),
(242, 'Ararat', 'Etiam faucibus cursus urna. Ut tellus. Nulla ut erat id mauris vulputate elementum.', 50, '2010-06-26', 54, 'NC-17', 2, 'http://dummyimage.com/150x100.png/5fa2dd/ffffff', 10, 4, 6),
(243, 'American Virgin', 'Curabitur convallis. Duis consequat dui nec nisi volutpat eleifend.', 20, '2010-12-01', 39, 'PG-13', 8, 'http://dummyimage.com/107x100.png/5fa2dd/ffffff', 10, 10, 5.8),
(244, 'Weight of Water, The', 'Nulla nisl.', 18, '2003-06-04', 24, 'NC-17', 2, 'http://dummyimage.com/179x100.png/dddddd/000000', 10, 2, 9.6),
(245, 'Curb Dance', 'Suspendisse potenti. Cras in purus eu magna vulputate luctus.', 21, '2011-09-19', 23, 'PG-13', 8, 'http://dummyimage.com/184x100.png/dddddd/000000', 10, 1, 0.2),
(246, 'Three Wishes', 'Pellentesque at nulla. Suspendisse potenti. Cras in purus eu magna vulputate luctus.', 14, '2021-02-20', 29, 'R', 3, 'http://dummyimage.com/192x100.png/ff4444/ffffff', 10, 9, 5),
(247, 'Bio Zombie (Sun faa sau si)', 'Nullam sit amet turpis elementum ligula vehicula consequat. Morbi a ipsum.', 2, '2004-08-11', 41, 'PG', 8, 'http://dummyimage.com/230x100.png/cc0000/ffffff', 10, 10, 0.6),
(248, '14 Hours (Fourteen Hours)', 'Nulla tempus. Vivamus in felis eu sapien cursus vestibulum. Proin eu mi.', 31, '2020-11-20', 56, 'PG', 8, 'http://dummyimage.com/147x100.png/dddddd/000000', 10, 2, 2.2),
(249, 'Possessed', 'Nulla justo. Aliquam quis turpis eget elit sodales scelerisque. Mauris sit amet eros.', 34, '2011-04-23', 31, 'PG-13', 6, 'http://dummyimage.com/160x100.png/ff4444/ffffff', 12, 5, 6.4),
(250, 'George of the Jungle', 'In hac habitasse platea dictumst. Maecenas ut massa quis augue luctus tincidunt. Nulla mollis molestie lorem.', 26, '2018-03-17', 48, 'PG-13', 8, 'http://dummyimage.com/102x100.png/5fa2dd/ffffff', 12, 7, 6.3),
(251, 'God Is Brazilian (Deus É Brasileiro)', 'Mauris ullamcorper purus sit amet nulla. Quisque arcu libero, rutrum ac, lobortis vel, dapibus at, diam.', 35, '2015-07-08', 21, 'NR', 6, 'http://dummyimage.com/166x100.png/5fa2dd/ffffff', 12, 5, 0.5),
(252, 'Iron Giant, The', 'In blandit ultrices enim.', 13, '2005-02-15', 22, 'NR', 8, 'http://dummyimage.com/250x100.png/ff4444/ffffff', 12, 10, 7.9),
(253, 'Noises Off...', 'Quisque erat eros, viverra eget, congue eget, semper rutrum, nulla.', 24, '2015-10-03', 20, 'NR', 8, 'http://dummyimage.com/155x100.png/dddddd/000000', 12, 1, 2.9),
(254, 'Last Days, The', 'Vestibulum ante ipsum primis in faucibus orci luctus et ultrices posuere cubilia Curae; Duis faucibus accumsan odio.', 7, '2009-07-13', 29, 'G', 2, 'http://dummyimage.com/206x100.png/5fa2dd/ffffff', 12, 12, 2.9),
(255, 'Creature', 'Pellentesque at nulla. Suspendisse potenti.', 14, '2004-04-24', 58, 'NR', 6, 'http://dummyimage.com/246x100.png/dddddd/000000', 12, 10, 7.7),
(256, 'Maltese Falcon, The', 'Donec dapibus.', 30, '2006-03-27', 36, 'PG', 6, 'http://dummyimage.com/198x100.png/cc0000/ffffff', 12, 9, 9.7),
(257, 'Wadd: The Life & Times of John C. Holmes', 'Etiam justo. Etiam pretium iaculis justo.', 9, '2004-03-22', 26, 'PG', 2, 'http://dummyimage.com/148x100.png/cc0000/ffffff', 12, 8, 1.1),
(258, 'Gigot', 'Quisque id justo sit amet sapien dignissim vestibulum. Vestibulum ante ipsum primis in faucibus orci luctus et ultrices posuere cubilia Curae; Nulla dapibus dolor vel est.', 20, '2011-07-01', 49, 'NC-17', 3, 'http://dummyimage.com/125x100.png/cc0000/ffffff', 12, 1, 9.6),
(259, 'Rhapsody in August (Hachi-gatsu no kyôshikyoku)', 'Nullam orci pede, venenatis non, sodales sed, tincidunt eu, felis. Fusce posuere felis sed lacus. Morbi sem mauris, laoreet ut, rhoncus aliquet, pulvinar sed, nisl.', 30, '2018-01-31', 35, 'PG-13', 2, 'http://dummyimage.com/103x100.png/5fa2dd/ffffff', 12, 4, 4.7),
(260, 'Living Sea, The', 'Morbi vel lectus in quam fringilla rhoncus. Mauris enim leo, rhoncus sed, vestibulum sit amet, cursus id, turpis. Integer aliquet, massa id lobortis convallis, tortor risus dapibus augue, vel accumsan tellus nisi eu orci.', 45, '2010-05-18', 50, 'PG', 3, 'http://dummyimage.com/200x100.png/ff4444/ffffff', 12, 4, 3.8),
(261, 'Closing the Ring', 'In quis justo. Maecenas rhoncus aliquam lacus.', 12, '2017-12-27', 45, 'PG-13', 2, 'http://dummyimage.com/179x100.png/cc0000/ffffff', 12, 8, 7.4),
(262, 'Boys of St. Vincent, The', 'Suspendisse accumsan tortor quis turpis. Sed ante.', 18, '2013-08-24', 32, 'PG', 3, 'http://dummyimage.com/174x100.png/dddddd/000000', 12, 9, 7),
(263, 'Mammoth (Mammut)', 'Aliquam augue quam, sollicitudin vitae, consectetuer eget, rutrum at, lorem.', 30, '2018-10-01', 31, 'PG', 2, 'http://dummyimage.com/227x100.png/dddddd/000000', 12, 12, 6.6),
(264, 'Rumor of Angels, A', 'Suspendisse potenti. Cras in purus eu magna vulputate luctus. Cum sociis natoque penatibus et magnis dis parturient montes, nascetur ridiculus mus.', 2, '2014-10-04', 40, 'PG', 8, 'http://dummyimage.com/185x100.png/ff4444/ffffff', 12, 7, 8),
(265, 'These Final Hours', 'Curabitur gravida nisi at nibh. In hac habitasse platea dictumst.', 37, '2017-07-31', 52, 'G', 8, 'http://dummyimage.com/158x100.png/5fa2dd/ffffff', 12, 6, 9.2),
(266, 'War, Inc.', 'Nulla ut erat id mauris vulputate elementum. Nullam varius. Nulla facilisi.', 34, '2002-03-16', 31, 'NC-17', 2, 'http://dummyimage.com/192x100.png/ff4444/ffffff', 12, 3, 9.8),
(267, 'Hey, Hey, It\'s Esther Blueburger', 'Curabitur convallis.', 20, '2014-05-23', 56, 'NR', 8, 'http://dummyimage.com/217x100.png/5fa2dd/ffffff', 12, 12, 2.9),
(268, 'Star Trek: The Motion Picture', 'Nulla ut erat id mauris vulputate elementum. Nullam varius.', 50, '2010-01-14', 60, 'R', 2, 'http://dummyimage.com/126x100.png/5fa2dd/ffffff', 12, 10, 1.5),
(269, 'Suck', 'Donec ut dolor. Morbi vel lectus in quam fringilla rhoncus.', 8, '2020-06-22', 51, 'NR', 6, 'http://dummyimage.com/140x100.png/cc0000/ffffff', 12, 3, 7.7),
(270, 'So Long Letty', 'Sed accumsan felis. Ut at dolor quis odio consequat varius.', 13, '2008-02-10', 29, 'G', 6, 'http://dummyimage.com/246x100.png/dddddd/000000', 12, 4, 8.6),
(271, 'Whip and the Body, The (Frusta e il corpo, La)', 'Maecenas ut massa quis augue luctus tincidunt. Nulla mollis molestie lorem.', 49, '2012-02-19', 52, 'G', 6, 'http://dummyimage.com/127x100.png/cc0000/ffffff', 12, 6, 2.6),
(272, 'Clear History', 'Phasellus sit amet erat.', 30, '2018-01-26', 21, 'NR', 3, 'http://dummyimage.com/109x100.png/5fa2dd/ffffff', 12, 8, 7.3),
(273, 'Day of Wrath (Vredens dag)', 'Vestibulum ante ipsum primis in faucibus orci luctus et ultrices posuere cubilia Curae; Nulla dapibus dolor vel est. Donec odio justo, sollicitudin ut, suscipit a, feugiat et, eros.', 32, '2016-12-26', 27, 'NR', 2, 'http://dummyimage.com/164x100.png/5fa2dd/ffffff', 12, 11, 1.5),
(274, 'The Missionaries', 'Quisque porta volutpat erat. Quisque erat eros, viverra eget, congue eget, semper rutrum, nulla. Nunc purus.', 20, '2016-03-09', 26, 'NC-17', 8, 'http://dummyimage.com/120x100.png/5fa2dd/ffffff', 12, 8, 4.5),
(275, 'Moonwalker', 'Donec posuere metus vitae ipsum.', 43, '2015-11-06', 36, 'NC-17', 6, 'http://dummyimage.com/111x100.png/5fa2dd/ffffff', 12, 10, 3.8),
(276, 'Phone Booth', 'Praesent lectus. Vestibulum quam sapien, varius ut, blandit non, interdum in, ante.', 22, '2005-03-28', 45, 'PG', 3, 'http://dummyimage.com/153x100.png/dddddd/000000', 12, 5, 1.4),
(277, 'Come Back to Me', 'Nunc nisl. Duis bibendum, felis sed interdum venenatis, turpis enim blandit mi, in porttitor pede justo eu massa.', 37, '2019-02-02', 45, 'R', 3, 'http://dummyimage.com/248x100.png/5fa2dd/ffffff', 12, 9, 0.3),
(278, 'Better Living Through Circuitry', 'Vestibulum ante ipsum primis in faucibus orci luctus et ultrices posuere cubilia Curae; Mauris viverra diam vitae quam. Suspendisse potenti. Nullam porttitor lacus at turpis.', 37, '2000-09-16', 22, 'PG', 6, 'http://dummyimage.com/229x100.png/ff4444/ffffff', 12, 6, 6.1),
(279, 'Conscientious Objector, The', 'In hac habitasse platea dictumst. Etiam faucibus cursus urna.', 47, '2008-08-20', 27, 'G', 8, 'http://dummyimage.com/179x100.png/ff4444/ffffff', 12, 1, 4.3),
(280, '5 Deadly Venoms, The (Wu du) (Five Deadly Venoms)', 'Vestibulum ante ipsum primis in faucibus orci luctus et ultrices posuere cubilia Curae; Nulla dapibus dolor vel est. Donec odio justo, sollicitudin ut, suscipit a, feugiat et, eros. Vestibulum ac est lacinia nisi venenatis tristique.', 33, '2012-06-27', 33, 'NC-17', 8, 'http://dummyimage.com/143x100.png/cc0000/ffffff', 12, 2, 7.3),
(281, 'Smiles of a Summer Night (Sommarnattens leende)', 'In blandit ultrices enim.', 44, '2003-11-20', 56, 'NR', 2, 'http://dummyimage.com/155x100.png/cc0000/ffffff', 12, 11, 6.2),
(282, 'Fatso', 'Etiam justo. Etiam pretium iaculis justo.', 42, '2009-01-27', 58, 'NR', 6, 'http://dummyimage.com/111x100.png/dddddd/000000', 12, 2, 0.1),
(283, 'Autumn Afternoon, An (Sanma no aji)', 'In quis justo.', 5, '2005-05-11', 58, 'PG-13', 2, 'http://dummyimage.com/135x100.png/5fa2dd/ffffff', 12, 12, 4.9),
(284, 'High Sierra', 'Fusce posuere felis sed lacus. Morbi sem mauris, laoreet ut, rhoncus aliquet, pulvinar sed, nisl. Nunc rhoncus dui vel sem.', 16, '2020-01-07', 56, 'R', 3, 'http://dummyimage.com/204x100.png/dddddd/000000', 12, 3, 6.7),
(285, 'All Passion Spent', 'Fusce consequat.', 43, '2006-12-23', 58, 'R', 6, 'http://dummyimage.com/172x100.png/5fa2dd/ffffff', 12, 10, 4.1),
(286, 'Little Buddha', 'Praesent lectus. Vestibulum quam sapien, varius ut, blandit non, interdum in, ante. Vestibulum ante ipsum primis in faucibus orci luctus et ultrices posuere cubilia Curae; Duis faucibus accumsan odio.', 50, '2011-05-30', 46, 'G', 8, 'http://dummyimage.com/175x100.png/cc0000/ffffff', 12, 4, 1.6),
(287, 'And the Ship Sails On (E la nave va)', 'Vestibulum ante ipsum primis in faucibus orci luctus et ultrices posuere cubilia Curae; Duis faucibus accumsan odio. Curabitur convallis. Duis consequat dui nec nisi volutpat eleifend.', 4, '2014-02-09', 40, 'G', 8, 'http://dummyimage.com/237x100.png/cc0000/ffffff', 12, 1, 5),
(288, 'Lake, A (Un lac)', 'Sed sagittis. Nam congue, risus semper porta volutpat, quam pede lobortis ligula, sit amet eleifend pede libero quis orci.', 39, '2014-05-22', 58, 'NC-17', 6, 'http://dummyimage.com/184x100.png/dddddd/000000', 12, 5, 8.7),
(289, 'Sounder', 'In hac habitasse platea dictumst.', 44, '2019-04-15', 30, 'NC-17', 3, 'http://dummyimage.com/189x100.png/ff4444/ffffff', 12, 5, 6.9),
(290, 'Suicide Manual (Jisatsu manyaru)', 'Nulla ac enim. In tempor, turpis nec euismod scelerisque, quam turpis adipiscing lorem, vitae mattis nibh ligula nec sem. Duis aliquam convallis nunc.', 32, '2020-10-04', 42, 'G', 3, 'http://dummyimage.com/101x100.png/dddddd/000000', 12, 1, 9.9),
(291, 'Two Girls and a Guy', 'Vivamus tortor.', 16, '2001-12-06', 44, 'PG', 8, 'http://dummyimage.com/119x100.png/ff4444/ffffff', 12, 10, 0.6),
(292, 'Star Is Born, A', 'Integer a nibh. In quis justo.', 16, '2001-07-20', 22, 'G', 3, 'http://dummyimage.com/210x100.png/cc0000/ffffff', 12, 5, 9.4),
(293, 'Retrogade', 'Lorem ipsum dolor sit amet, consectetuer adipiscing elit. Proin risus.', 1, '2007-08-06', 59, 'G', 2, 'http://dummyimage.com/222x100.png/5fa2dd/ffffff', 12, 8, 9.7),
(294, 'Jungle Creature: Hugo, The (Jungledyret) (Go Hugo Go)', 'Nullam sit amet turpis elementum ligula vehicula consequat. Morbi a ipsum.', 44, '2006-05-27', 47, 'R', 6, 'http://dummyimage.com/178x100.png/dddddd/000000', 12, 3, 1),
(295, 'Grayeagle', 'Aliquam augue quam, sollicitudin vitae, consectetuer eget, rutrum at, lorem. Integer tincidunt ante vel ipsum.', 43, '2009-06-03', 58, 'R', 2, 'http://dummyimage.com/177x100.png/5fa2dd/ffffff', 12, 6, 5.3),
(296, 'Happy Endings', 'Aenean fermentum. Donec ut mauris eget massa tempor convallis.', 22, '2002-10-12', 34, 'G', 8, 'http://dummyimage.com/152x100.png/ff4444/ffffff', 12, 6, 6.5),
(297, 'Link', 'Morbi porttitor lorem id ligula.', 36, '2006-04-01', 48, 'G', 3, 'http://dummyimage.com/117x100.png/cc0000/ffffff', 12, 10, 0.9),
(298, 'Era of Vampires, The', 'Donec semper sapien a libero. Nam dui.', 46, '2012-12-17', 26, 'NC-17', 3, 'http://dummyimage.com/150x100.png/dddddd/000000', 12, 1, 6.4),
(299, 'Texas Chainsaw Massacre: The Next Generation (a.k.a. The Return of the Texas Chainsaw Massacre)', 'Maecenas tincidunt lacus at velit. Vivamus vel nulla eget eros elementum pellentesque. Quisque porta volutpat erat.', 27, '2007-01-15', 59, 'PG', 3, 'http://dummyimage.com/217x100.png/ff4444/ffffff', 30, 30, 0.1),
(300, 'Desire Under the Elms', 'Maecenas tristique, est et tempus semper, est quam pharetra magna, ac consequat metus sapien ut nunc. Vestibulum ante ipsum primis in faucibus orci luctus et ultrices posuere cubilia Curae; Mauris viverra diam vitae quam. Suspendisse potenti.', 31, '2021-09-24', 20, 'PG-13', 8, 'http://dummyimage.com/194x100.png/ff4444/ffffff', 30, 7, 1.7),
(301, 'Lost Battalion, The', 'Ut tellus.', 2, '2016-03-24', 48, 'G', 6, 'http://dummyimage.com/153x100.png/cc0000/ffffff', 30, 10, 0.8),
(302, 'Boy Who Could Fly, The', 'Nam congue, risus semper porta volutpat, quam pede lobortis ligula, sit amet eleifend pede libero quis orci.', 49, '2016-12-05', 53, 'G', 2, 'http://dummyimage.com/127x100.png/ff4444/ffffff', 30, 16, 1.9),
(303, 'The Prophecy: Forsaken', 'Suspendisse ornare consequat lectus. In est risus, auctor sed, tristique in, tempus sit amet, sem. Fusce consequat.', 38, '2019-12-18', 48, 'NC-17', 3, 'http://dummyimage.com/167x100.png/5fa2dd/ffffff', 30, 17, 3.5),
(304, 'Drummer-Crab (Le Crabe-Tambour)', 'Curabitur convallis.', 44, '2018-05-12', 46, 'PG', 2, 'http://dummyimage.com/131x100.png/5fa2dd/ffffff', 30, 18, 6.6),
(305, 'Man with One Red Shoe, The', 'Donec posuere metus vitae ipsum.', 19, '2014-05-19', 24, 'PG-13', 6, 'http://dummyimage.com/112x100.png/ff4444/ffffff', 30, 10, 6.9),
(306, 'That Hagen Girl', 'Vestibulum rutrum rutrum neque. Aenean auctor gravida sem. Praesent id massa id nisl venenatis lacinia.', 24, '2008-12-05', 36, 'NC-17', 2, 'http://dummyimage.com/203x100.png/cc0000/ffffff', 30, 9, 9.8),
(307, 'You Can Count on Me', 'Praesent blandit. Nam nulla.', 22, '2005-08-22', 20, 'PG-13', 6, 'http://dummyimage.com/238x100.png/5fa2dd/ffffff', 30, 24, 5.3),
(308, 'Donner Party, The', 'Nam ultrices, libero non mattis pulvinar, nulla pede ullamcorper augue, a suscipit nulla elit ac nulla.', 14, '2016-06-14', 55, 'G', 8, 'http://dummyimage.com/215x100.png/dddddd/000000', 30, 5, 6.1),
(309, 'P.U.N.K.S', 'Quisque ut erat.', 5, '2012-08-05', 52, 'R', 3, 'http://dummyimage.com/176x100.png/cc0000/ffffff', 30, 21, 2.9),
(310, 'Othello', 'Cras mi pede, malesuada in, imperdiet et, commodo vulputate, justo.', 32, '2015-01-27', 33, 'NR', 6, 'http://dummyimage.com/151x100.png/cc0000/ffffff', 30, 13, 3),
(311, 'Domino', 'In tempor, turpis nec euismod scelerisque, quam turpis adipiscing lorem, vitae mattis nibh ligula nec sem. Duis aliquam convallis nunc. Proin at turpis a pede posuere nonummy.', 33, '2022-04-24', 54, 'PG-13', 3, 'http://dummyimage.com/248x100.png/5fa2dd/ffffff', 30, 25, 2.7),
(312, '120', 'Etiam pretium iaculis justo. In hac habitasse platea dictumst.', 9, '2013-08-04', 28, 'PG', 8, 'http://dummyimage.com/194x100.png/ff4444/ffffff', 30, 27, 7.9),
(313, 'For Love or Money', 'Fusce lacus purus, aliquet at, feugiat non, pretium quis, lectus. Suspendisse potenti.', 24, '2018-04-09', 34, 'NR', 6, 'http://dummyimage.com/117x100.png/ff4444/ffffff', 30, 17, 8.3),
(314, 'Fat Man and Little Boy', 'Vestibulum ante ipsum primis in faucibus orci luctus et ultrices posuere cubilia Curae; Donec pharetra, magna vestibulum aliquet ultrices, erat tortor sollicitudin mi, sit amet lobortis sapien sapien non mi. Integer ac neque. Duis bibendum.', 45, '2021-04-08', 35, 'PG-13', 3, 'http://dummyimage.com/205x100.png/cc0000/ffffff', 30, 30, 0.1),
(315, 'Life of Reilly, The', 'Integer pede justo, lacinia eget, tincidunt eget, tempus vel, pede. Morbi porttitor lorem id ligula. Suspendisse ornare consequat lectus.', 12, '2003-06-11', 31, 'NC-17', 3, 'http://dummyimage.com/122x100.png/5fa2dd/ffffff', 30, 9, 7),
(316, 'Catastroika', 'Phasellus in felis. Donec semper sapien a libero.', 37, '2010-12-08', 44, 'NR', 3, 'http://dummyimage.com/223x100.png/cc0000/ffffff', 30, 18, 1.8),
(317, 'Project X', 'Morbi porttitor lorem id ligula.', 36, '2010-06-27', 47, 'G', 8, 'http://dummyimage.com/213x100.png/dddddd/000000', 30, 22, 7.9),
(318, 'Day of Wrath (Vredens dag)', 'Morbi quis tortor id nulla ultrices aliquet.', 19, '2020-12-21', 36, 'PG', 8, 'http://dummyimage.com/117x100.png/cc0000/ffffff', 30, 5, 4.2),
(319, 'Meet Me at the Fair', 'Fusce lacus purus, aliquet at, feugiat non, pretium quis, lectus. Suspendisse potenti.', 36, '2002-01-18', 60, 'G', 2, 'http://dummyimage.com/188x100.png/dddddd/000000', 12, 12, 3.2),
(320, 'Double Vision (Shuang tong)', 'In est risus, auctor sed, tristique in, tempus sit amet, sem.', 18, '2020-11-02', 20, 'R', 2, 'http://dummyimage.com/191x100.png/5fa2dd/ffffff', 12, 12, 1),
(321, 'Lonesome Dove', 'Vivamus vel nulla eget eros elementum pellentesque. Quisque porta volutpat erat.', 13, '2008-03-23', 53, 'G', 8, 'http://dummyimage.com/103x100.png/dddddd/000000', 12, 12, 0.8),
(322, 'Molokai (Molokai: The Story of Father Damien)', 'Quisque ut erat.', 16, '2009-06-24', 58, 'PG', 2, 'http://dummyimage.com/120x100.png/ff4444/ffffff', 12, 12, 7.1),
(323, 'Second Chance, The', 'Suspendisse potenti. Cras in purus eu magna vulputate luctus. Cum sociis natoque penatibus et magnis dis parturient montes, nascetur ridiculus mus.', 10, '2004-05-15', 55, 'G', 6, 'http://dummyimage.com/157x100.png/5fa2dd/ffffff', 12, 12, 3.4),
(324, 'Outside the Law', 'Aenean sit amet justo. Morbi ut odio. Cras mi pede, malesuada in, imperdiet et, commodo vulputate, justo.', 5, '2017-02-17', 45, 'NR', 8, 'http://dummyimage.com/103x100.png/cc0000/ffffff', 12, 12, 6.2),
(325, 'Mission: Impossible II', 'In quis justo. Maecenas rhoncus aliquam lacus.', 45, '2005-02-21', 41, 'NC-17', 2, 'http://dummyimage.com/192x100.png/5fa2dd/ffffff', 12, 12, 0.5),
(326, 'Boat Trip', 'Donec diam neque, vestibulum eget, vulputate ut, ultrices vel, augue. Vestibulum ante ipsum primis in faucibus orci luctus et ultrices posuere cubilia Curae; Donec pharetra, magna vestibulum aliquet ultrices, erat tortor sollicitudin mi, sit amet lobortis sapien sapien non mi.', 13, '2015-07-31', 60, 'R', 3, 'http://dummyimage.com/172x100.png/5fa2dd/ffffff', 12, 12, 1.2),
(327, '\'Round Midnight', 'Vivamus vel nulla eget eros elementum pellentesque. Quisque porta volutpat erat. Quisque erat eros, viverra eget, congue eget, semper rutrum, nulla.', 37, '2005-02-19', 26, 'NR', 6, 'http://dummyimage.com/111x100.png/ff4444/ffffff', 12, 12, 2.9),
(328, 'Capital (Le capital)', 'Aenean fermentum. Donec ut mauris eget massa tempor convallis. Nulla neque libero, convallis eget, eleifend luctus, ultricies eu, nibh.', 45, '2010-02-07', 54, 'G', 8, 'http://dummyimage.com/191x100.png/cc0000/ffffff', 12, 12, 6.1),
(329, 'Sound of Music, The', 'Nulla nisl. Nunc nisl.', 9, '2019-02-21', 37, 'NR', 3, 'http://dummyimage.com/176x100.png/cc0000/ffffff', 10, 10, 3.4),
(330, 'Broken English', 'Etiam faucibus cursus urna.', 41, '2001-04-17', 22, 'PG-13', 3, 'http://dummyimage.com/102x100.png/cc0000/ffffff', 10, 10, 1.2),
(331, 'Tammy', 'Integer non velit. Donec diam neque, vestibulum eget, vulputate ut, ultrices vel, augue. Vestibulum ante ipsum primis in faucibus orci luctus et ultrices posuere cubilia Curae; Donec pharetra, magna vestibulum aliquet ultrices, erat tortor sollicitudin mi, sit amet lobortis sapien sapien non mi.', 13, '2022-01-26', 54, 'G', 8, 'http://dummyimage.com/208x100.png/5fa2dd/ffffff', 10, 10, 5.3),
(332, 'Exorcist, The', 'Vestibulum ante ipsum primis in faucibus orci luctus et ultrices posuere cubilia Curae; Donec pharetra, magna vestibulum aliquet ultrices, erat tortor sollicitudin mi, sit amet lobortis sapien sapien non mi.', 41, '2002-04-12', 56, 'G', 3, 'http://dummyimage.com/232x100.png/cc0000/ffffff', 10, 10, 6.3),
(333, 'Burn, Witch, Burn (Night of the Eagle)', 'Nullam molestie nibh in lectus. Pellentesque at nulla. Suspendisse potenti.', 4, '2021-09-26', 28, 'NC-17', 6, 'http://dummyimage.com/132x100.png/ff4444/ffffff', 10, 10, 2.5),
(334, 'Marc Pease Experience, The', 'Duis ac nibh.', 20, '2013-12-01', 20, 'NR', 3, 'http://dummyimage.com/221x100.png/5fa2dd/ffffff', 10, 10, 0.8),
(335, 'Alaska', 'Nam dui. Proin leo odio, porttitor id, consequat in, consequat ut, nulla. Sed accumsan felis.', 27, '2012-06-15', 30, 'PG-13', 2, 'http://dummyimage.com/232x100.png/dddddd/000000', 10, 10, 9),
(336, 'Eagle, The', 'In blandit ultrices enim.', 31, '2016-08-17', 44, 'NC-17', 2, 'http://dummyimage.com/124x100.png/ff4444/ffffff', 10, 10, 8),
(337, 'Reckoning, The', 'Pellentesque at nulla. Suspendisse potenti. Cras in purus eu magna vulputate luctus.', 18, '2019-03-09', 52, 'R', 6, 'http://dummyimage.com/164x100.png/ff4444/ffffff', 10, 10, 8.4),
(338, 'Last Mogul, The', 'Phasellus in felis. Donec semper sapien a libero. Nam dui.', 21, '2002-05-25', 43, 'PG', 3, 'http://dummyimage.com/149x100.png/ff4444/ffffff', 10, 10, 2.8);

-- --------------------------------------------------------

--
-- Cấu trúc bảng cho bảng `movie_actor`
--

CREATE TABLE `movie_actor` (
  `id_movie` int NOT NULL,
  `id_actor` int NOT NULL
) ENGINE=InnoDB DEFAULT CHARSET=utf8mb4 COLLATE=utf8mb4_0900_ai_ci;

--
-- Đang đổ dữ liệu cho bảng `movie_actor`
--

INSERT INTO `movie_actor` (`id_movie`, `id_actor`) VALUES
(11, 1),
(40, 1),
(53, 1),
(62, 1),
(71, 1),
(136, 1),
(262, 1),
(267, 1),
(330, 1),
(8, 2),
(33, 2),
(42, 2),
(59, 2),
(130, 2),
(141, 2),
(175, 2),
(187, 2),
(258, 2),
(282, 2),
(292, 2),
(8, 3),
(20, 3),
(33, 3),
(49, 3),
(52, 3),
(55, 3),
(63, 3),
(81, 3),
(92, 3),
(100, 3),
(144, 3),
(148, 3),
(11, 4),
(27, 4),
(34, 4),
(39, 4),
(43, 4),
(48, 4),
(55, 4),
(86, 4),
(203, 4),
(288, 4),
(326, 4),
(329, 4),
(337, 4),
(6, 5),
(10, 5),
(44, 5),
(58, 5),
(83, 5),
(106, 5),
(123, 5),
(196, 5),
(209, 5),
(224, 5),
(253, 5),
(301, 5),
(30, 6),
(32, 6),
(45, 6),
(47, 6),
(50, 6),
(65, 6),
(67, 6),
(77, 6),
(115, 6),
(244, 6),
(247, 6),
(252, 6),
(272, 6),
(8, 7),
(24, 7),
(64, 7),
(77, 7),
(95, 7),
(199, 7),
(293, 7),
(42, 8),
(59, 8),
(68, 8),
(74, 8),
(162, 8),
(191, 8),
(193, 8),
(298, 8),
(24, 9),
(25, 9),
(26, 9),
(42, 9),
(44, 9),
(84, 9),
(89, 9),
(131, 9),
(147, 9),
(243, 9),
(266, 9),
(284, 9),
(308, 9),
(3, 10),
(12, 10),
(30, 10),
(74, 10),
(76, 10),
(82, 10),
(88, 10),
(163, 10),
(229, 10),
(9, 11),
(17, 11),
(30, 11),
(36, 11),
(46, 11),
(53, 11),
(57, 11),
(60, 11),
(63, 11),
(64, 11),
(161, 11),
(248, 11),
(331, 11),
(14, 12),
(22, 12),
(29, 12),
(60, 12),
(64, 12),
(83, 12),
(89, 12),
(155, 12),
(169, 12),
(249, 12),
(1, 13),
(5, 13),
(16, 13),
(40, 13),
(61, 13),
(70, 13),
(88, 13),
(146, 13),
(212, 13),
(300, 13),
(325, 13),
(23, 14),
(46, 14),
(70, 14),
(75, 14),
(94, 14),
(120, 14),
(226, 14),
(260, 14),
(280, 14),
(312, 14),
(3, 15),
(21, 15),
(24, 15),
(25, 15),
(33, 15),
(44, 15),
(85, 15),
(307, 15),
(317, 15),
(14, 16),
(19, 16),
(30, 16),
(35, 16),
(41, 16),
(58, 16),
(63, 16),
(78, 16),
(97, 16),
(121, 16),
(138, 16),
(192, 16),
(295, 16),
(318, 16),
(328, 16),
(38, 17),
(76, 17),
(111, 17),
(150, 17),
(170, 17),
(215, 17),
(310, 17),
(4, 18),
(26, 18),
(34, 18),
(50, 18),
(71, 18),
(79, 18),
(102, 18),
(104, 18),
(117, 18),
(128, 18),
(133, 18),
(257, 18),
(2, 19),
(10, 19),
(17, 19),
(19, 19),
(26, 19),
(27, 19),
(29, 19),
(31, 19),
(62, 19),
(80, 19),
(86, 19),
(125, 19),
(171, 19),
(231, 19),
(287, 19),
(315, 19),
(1, 20),
(19, 20),
(31, 20),
(32, 20),
(36, 20),
(60, 20),
(68, 20),
(87, 20),
(91, 20),
(135, 20),
(173, 20),
(181, 20),
(200, 20),
(268, 20),
(2, 21),
(4, 21),
(7, 21),
(13, 21),
(122, 21),
(159, 21),
(213, 21),
(263, 21),
(264, 21),
(265, 21),
(294, 21),
(5, 22),
(13, 22),
(25, 22),
(47, 22),
(58, 22),
(61, 22),
(75, 22),
(89, 22),
(189, 22),
(219, 22),
(227, 22),
(289, 22),
(23, 23),
(28, 23),
(46, 23),
(48, 23),
(57, 23),
(178, 23),
(205, 23),
(230, 23),
(275, 23),
(286, 23),
(314, 23),
(316, 23),
(335, 23),
(336, 23),
(11, 24),
(12, 24),
(15, 24),
(16, 24),
(21, 24),
(36, 24),
(37, 24),
(65, 24),
(68, 24),
(154, 24),
(250, 24),
(302, 24),
(35, 25),
(42, 25),
(66, 25),
(69, 25),
(103, 25),
(107, 25),
(113, 25),
(151, 25),
(291, 25),
(304, 25),
(306, 25),
(332, 25),
(12, 26),
(26, 26),
(38, 26),
(44, 26),
(67, 26),
(86, 26),
(110, 26),
(152, 26),
(217, 26),
(251, 26),
(327, 26),
(333, 26),
(338, 26),
(2, 27),
(3, 27),
(7, 27),
(11, 27),
(14, 27),
(45, 27),
(47, 27),
(56, 27),
(78, 27),
(99, 27),
(129, 27),
(153, 27),
(165, 27),
(167, 27),
(221, 27),
(290, 27),
(323, 27),
(4, 28),
(15, 28),
(18, 28),
(19, 28),
(20, 28),
(51, 28),
(65, 28),
(73, 28),
(233, 28),
(238, 28),
(1, 29),
(5, 29),
(37, 29),
(41, 29),
(49, 29),
(57, 29),
(71, 29),
(72, 29),
(93, 29),
(112, 29),
(116, 29),
(127, 29),
(168, 29),
(174, 29),
(232, 29),
(237, 29),
(246, 29),
(2, 30),
(5, 30),
(22, 30),
(32, 30),
(49, 30),
(53, 30),
(73, 30),
(95, 30),
(137, 30),
(156, 30),
(186, 30),
(211, 30),
(222, 30),
(228, 30),
(299, 30),
(28, 31),
(50, 31),
(51, 31),
(82, 31),
(108, 31),
(183, 31),
(259, 31),
(269, 31),
(277, 31),
(322, 31),
(7, 32),
(9, 32),
(17, 32),
(31, 32),
(47, 32),
(85, 32),
(87, 32),
(220, 32),
(239, 32),
(241, 32),
(254, 32),
(20, 33),
(28, 33),
(66, 33),
(75, 33),
(92, 33),
(158, 33),
(176, 33),
(202, 33),
(240, 33),
(324, 33),
(6, 34),
(49, 34),
(54, 34),
(62, 34),
(94, 34),
(119, 34),
(197, 34),
(321, 34),
(9, 35),
(10, 35),
(15, 35),
(38, 35),
(52, 35),
(91, 35),
(134, 35),
(140, 35),
(278, 35),
(334, 35),
(6, 36),
(16, 36),
(18, 36),
(23, 36),
(31, 36),
(34, 36),
(37, 36),
(45, 36),
(51, 36),
(59, 36),
(81, 36),
(84, 36),
(95, 36),
(177, 36),
(234, 36),
(235, 36),
(236, 36),
(285, 36),
(297, 36),
(305, 36),
(6, 37),
(37, 37),
(38, 37),
(48, 37),
(56, 37),
(72, 37),
(81, 37),
(90, 37),
(118, 37),
(142, 37),
(204, 37),
(207, 37),
(12, 38),
(22, 38),
(70, 38),
(77, 38),
(88, 38),
(93, 38),
(94, 38),
(98, 38),
(124, 38),
(157, 38),
(194, 38),
(245, 38),
(255, 38),
(13, 39),
(14, 39),
(43, 39),
(46, 39),
(54, 39),
(76, 39),
(80, 39),
(91, 39),
(132, 39),
(188, 39),
(198, 39),
(206, 39),
(210, 39),
(281, 39),
(309, 39),
(24, 40),
(51, 40),
(105, 40),
(149, 40),
(160, 40),
(271, 40),
(274, 40),
(17, 41),
(25, 41),
(41, 41),
(55, 41),
(79, 41),
(126, 41),
(4, 42),
(8, 42),
(16, 42),
(18, 42),
(22, 42),
(39, 42),
(48, 42),
(69, 42),
(83, 42),
(93, 42),
(195, 42),
(216, 42),
(223, 42),
(242, 42),
(3, 43),
(18, 43),
(23, 43),
(29, 43),
(56, 43),
(139, 43),
(179, 43),
(208, 43),
(225, 43),
(279, 43),
(15, 44),
(28, 44),
(50, 44),
(78, 44),
(87, 44),
(143, 44),
(218, 44),
(276, 44),
(13, 45),
(90, 45),
(145, 45),
(164, 45),
(166, 45),
(185, 45),
(256, 45),
(273, 45),
(1, 46),
(21, 46),
(32, 46),
(34, 46),
(35, 46),
(52, 46),
(54, 46),
(67, 46),
(74, 46),
(90, 46),
(182, 46),
(201, 46),
(313, 46),
(27, 47),
(29, 47),
(41, 47),
(61, 47),
(84, 47),
(85, 47),
(92, 47),
(172, 47),
(184, 47),
(214, 47),
(270, 47),
(283, 47),
(296, 47),
(7, 48),
(9, 48),
(20, 48),
(21, 48),
(40, 48),
(69, 48),
(80, 48),
(96, 48),
(190, 48),
(303, 48),
(311, 48),
(33, 49),
(35, 49),
(66, 49),
(79, 49),
(82, 49),
(101, 49),
(180, 49),
(319, 49),
(320, 49),
(10, 50),
(27, 50),
(36, 50),
(39, 50),
(40, 50),
(72, 50),
(73, 50),
(96, 50),
(109, 50),
(114, 50),
(261, 50);

-- --------------------------------------------------------

--
-- Cấu trúc bảng cho bảng `movie_genres`
--

CREATE TABLE `movie_genres` (
  `id_movie` int NOT NULL,
  `id_genres` int NOT NULL
) ENGINE=InnoDB DEFAULT CHARSET=utf8mb4 COLLATE=utf8mb4_0900_ai_ci;

--
-- Đang đổ dữ liệu cho bảng `movie_genres`
--

INSERT INTO `movie_genres` (`id_movie`, `id_genres`) VALUES
(1, 1),
(4, 1),
(11, 1),
(24, 1),
(25, 1),
(26, 1),
(28, 1),
(44, 1),
(48, 1),
(103, 1),
(105, 1),
(173, 1),
(200, 1),
(218, 1),
(228, 1),
(251, 1),
(260, 1),
(263, 1),
(293, 1),
(302, 1),
(308, 1),
(311, 1),
(317, 1),
(6, 2),
(7, 2),
(8, 2),
(10, 2),
(12, 2),
(16, 2),
(18, 2),
(19, 2),
(22, 2),
(23, 2),
(28, 2),
(29, 2),
(32, 2),
(38, 2),
(39, 2),
(46, 2),
(71, 2),
(96, 2),
(110, 2),
(131, 2),
(133, 2),
(139, 2),
(140, 2),
(146, 2),
(160, 2),
(174, 2),
(177, 2),
(192, 2),
(195, 2),
(219, 2),
(232, 2),
(280, 2),
(296, 2),
(309, 2),
(312, 2),
(316, 2),
(328, 2),
(1, 3),
(5, 3),
(6, 3),
(9, 3),
(12, 3),
(13, 3),
(18, 3),
(25, 3),
(31, 3),
(41, 3),
(53, 3),
(66, 3),
(78, 3),
(91, 3),
(101, 3),
(149, 3),
(205, 3),
(208, 3),
(253, 3),
(256, 3),
(261, 3),
(262, 3),
(272, 3),
(275, 3),
(283, 3),
(285, 3),
(305, 3),
(323, 3),
(2, 4),
(7, 4),
(12, 4),
(14, 4),
(17, 4),
(18, 4),
(21, 4),
(26, 4),
(27, 4),
(28, 4),
(32, 4),
(34, 4),
(40, 4),
(42, 4),
(45, 4),
(49, 4),
(51, 4),
(84, 4),
(97, 4),
(104, 4),
(126, 4),
(137, 4),
(150, 4),
(154, 4),
(159, 4),
(226, 4),
(233, 4),
(243, 4),
(244, 4),
(248, 4),
(278, 4),
(299, 4),
(336, 4),
(7, 5),
(8, 5),
(11, 5),
(15, 5),
(21, 5),
(22, 5),
(26, 5),
(30, 5),
(31, 5),
(36, 5),
(37, 5),
(40, 5),
(41, 5),
(43, 5),
(44, 5),
(45, 5),
(46, 5),
(51, 5),
(63, 5),
(88, 5),
(90, 5),
(100, 5),
(107, 5),
(179, 5),
(197, 5),
(203, 5),
(212, 5),
(213, 5),
(217, 5),
(221, 5),
(234, 5),
(264, 5),
(271, 5),
(282, 5),
(288, 5),
(313, 5),
(315, 5),
(330, 5),
(3, 6),
(7, 6),
(9, 6),
(15, 6),
(16, 6),
(23, 6),
(26, 6),
(27, 6),
(33, 6),
(41, 6),
(42, 6),
(44, 6),
(45, 6),
(48, 6),
(58, 6),
(130, 6),
(132, 6),
(170, 6),
(198, 6),
(215, 6),
(216, 6),
(276, 6),
(5, 7),
(6, 7),
(7, 7),
(9, 7),
(10, 7),
(16, 7),
(17, 7),
(19, 7),
(20, 7),
(37, 7),
(42, 7),
(43, 7),
(45, 7),
(46, 7),
(50, 7),
(51, 7),
(85, 7),
(86, 7),
(87, 7),
(92, 7),
(125, 7),
(152, 7),
(161, 7),
(168, 7),
(178, 7),
(209, 7),
(210, 7),
(220, 7),
(227, 7),
(236, 7),
(239, 7),
(242, 7),
(254, 7),
(258, 7),
(291, 7),
(326, 7),
(337, 7),
(338, 7),
(3, 8),
(5, 8),
(9, 8),
(12, 8),
(20, 8),
(27, 8),
(30, 8),
(31, 8),
(32, 8),
(38, 8),
(39, 8),
(41, 8),
(44, 8),
(52, 8),
(57, 8),
(93, 8),
(109, 8),
(112, 8),
(128, 8),
(175, 8),
(185, 8),
(202, 8),
(207, 8),
(229, 8),
(237, 8),
(240, 8),
(310, 8),
(318, 8),
(332, 8),
(333, 8),
(335, 8),
(4, 9),
(8, 9),
(11, 9),
(13, 9),
(17, 9),
(22, 9),
(23, 9),
(25, 9),
(28, 9),
(30, 9),
(31, 9),
(33, 9),
(35, 9),
(39, 9),
(49, 9),
(98, 9),
(114, 9),
(124, 9),
(147, 9),
(166, 9),
(169, 9),
(171, 9),
(186, 9),
(189, 9),
(223, 9),
(245, 9),
(246, 9),
(267, 9),
(270, 9),
(277, 9),
(281, 9),
(289, 9),
(292, 9),
(322, 9),
(324, 9),
(8, 10),
(14, 10),
(22, 10),
(24, 10),
(29, 10),
(33, 10),
(36, 10),
(43, 10),
(46, 10),
(47, 10),
(48, 10),
(50, 10),
(55, 10),
(59, 10),
(70, 10),
(77, 10),
(106, 10),
(117, 10),
(134, 10),
(145, 10),
(157, 10),
(167, 10),
(176, 10),
(180, 10),
(193, 10),
(214, 10),
(273, 10),
(279, 10),
(286, 10),
(297, 10),
(3, 11),
(4, 11),
(23, 11),
(24, 11),
(25, 11),
(27, 11),
(34, 11),
(35, 11),
(36, 11),
(47, 11),
(49, 11),
(50, 11),
(62, 11),
(74, 11),
(82, 11),
(142, 11),
(144, 11),
(151, 11),
(153, 11),
(162, 11),
(183, 11),
(187, 11),
(268, 11),
(298, 11),
(303, 11),
(307, 11),
(314, 11),
(329, 11),
(1, 12),
(2, 12),
(5, 12),
(6, 12),
(10, 12),
(11, 12),
(12, 12),
(14, 12),
(17, 12),
(24, 12),
(40, 12),
(42, 12),
(61, 12),
(65, 12),
(79, 12),
(99, 12),
(108, 12),
(135, 12),
(141, 12),
(172, 12),
(194, 12),
(222, 12),
(235, 12),
(249, 12),
(252, 12),
(257, 12),
(266, 12),
(274, 12),
(319, 12),
(327, 12),
(4, 13),
(8, 13),
(10, 13),
(14, 13),
(15, 13),
(19, 13),
(20, 13),
(21, 13),
(22, 13),
(29, 13),
(37, 13),
(38, 13),
(39, 13),
(42, 13),
(54, 13),
(68, 13),
(80, 13),
(115, 13),
(119, 13),
(182, 13),
(191, 13),
(196, 13),
(199, 13),
(204, 13),
(206, 13),
(211, 13),
(224, 13),
(259, 13),
(284, 13),
(304, 13),
(325, 13),
(331, 13),
(2, 14),
(14, 14),
(15, 14),
(16, 14),
(17, 14),
(19, 14),
(21, 14),
(32, 14),
(34, 14),
(38, 14),
(39, 14),
(40, 14),
(43, 14),
(44, 14),
(45, 14),
(47, 14),
(49, 14),
(56, 14),
(67, 14),
(72, 14),
(73, 14),
(75, 14),
(102, 14),
(120, 14),
(121, 14),
(122, 14),
(123, 14),
(129, 14),
(148, 14),
(158, 14),
(165, 14),
(184, 14),
(188, 14),
(190, 14),
(201, 14),
(230, 14),
(231, 14),
(241, 14),
(247, 14),
(290, 14),
(334, 14),
(1, 15),
(2, 15),
(3, 15),
(5, 15),
(15, 15),
(18, 15),
(19, 15),
(20, 15),
(30, 15),
(33, 15),
(35, 15),
(40, 15),
(50, 15),
(64, 15),
(69, 15),
(76, 15),
(81, 15),
(94, 15),
(113, 15),
(118, 15),
(127, 15),
(136, 15),
(138, 15),
(143, 15),
(155, 15),
(156, 15),
(164, 15),
(225, 15),
(250, 15),
(269, 15),
(301, 15),
(306, 15),
(320, 15),
(321, 15),
(13, 16),
(20, 16),
(26, 16),
(27, 16),
(29, 16),
(35, 16),
(37, 16),
(38, 16),
(41, 16),
(43, 16),
(47, 16),
(48, 16),
(49, 16),
(60, 16),
(83, 16),
(89, 16),
(95, 16),
(111, 16),
(116, 16),
(163, 16),
(181, 16),
(238, 16),
(255, 16),
(265, 16),
(287, 16),
(294, 16),
(295, 16),
(300, 16);

-- --------------------------------------------------------

--
-- Cấu trúc bảng cho bảng `movie_manufacturer`
--

CREATE TABLE `movie_manufacturer` (
  `id_movie` int NOT NULL,
  `id_manufacturer` int NOT NULL
) ENGINE=InnoDB DEFAULT CHARSET=utf8mb4 COLLATE=utf8mb4_0900_ai_ci;

--
-- Đang đổ dữ liệu cho bảng `movie_manufacturer`
--

INSERT INTO `movie_manufacturer` (`id_movie`, `id_manufacturer`) VALUES
(28, 1),
(59, 1),
(63, 1),
(67, 1),
(73, 1),
(74, 1),
(75, 1),
(83, 1),
(86, 1),
(98, 1),
(106, 1),
(110, 1),
(115, 1),
(119, 1),
(128, 1),
(143, 1),
(153, 1),
(159, 1),
(198, 1),
(203, 1),
(210, 1),
(211, 1),
(217, 1),
(221, 1),
(223, 1),
(231, 1),
(237, 1),
(248, 1),
(277, 1),
(296, 1),
(297, 1),
(309, 1),
(322, 1),
(1, 2),
(6, 2),
(9, 2),
(12, 2),
(25, 2),
(27, 2),
(31, 2),
(37, 2),
(48, 2),
(52, 2),
(64, 2),
(76, 2),
(80, 2),
(81, 2),
(89, 2),
(90, 2),
(102, 2),
(111, 2),
(127, 2),
(129, 2),
(142, 2),
(166, 2),
(175, 2),
(179, 2),
(186, 2),
(188, 2),
(189, 2),
(192, 2),
(201, 2),
(205, 2),
(229, 2),
(249, 2),
(251, 2),
(266, 2),
(280, 2),
(281, 2),
(292, 2),
(294, 2),
(300, 2),
(304, 2),
(315, 2),
(328, 2),
(329, 2),
(333, 2),
(336, 2),
(2, 3),
(14, 3),
(23, 3),
(30, 3),
(39, 3),
(45, 3),
(57, 3),
(82, 3),
(85, 3),
(104, 3),
(116, 3),
(117, 3),
(134, 3),
(137, 3),
(145, 3),
(155, 3),
(177, 3),
(202, 3),
(233, 3),
(257, 3),
(259, 3),
(272, 3),
(282, 3),
(288, 3),
(310, 3),
(330, 3),
(11, 4),
(13, 4),
(33, 4),
(35, 4),
(40, 4),
(43, 4),
(53, 4),
(94, 4),
(96, 4),
(103, 4),
(107, 4),
(113, 4),
(123, 4),
(125, 4),
(131, 4),
(135, 4),
(139, 4),
(154, 4),
(182, 4),
(195, 4),
(213, 4),
(214, 4),
(215, 4),
(222, 4),
(236, 4),
(262, 4),
(264, 4),
(269, 4),
(276, 4),
(283, 4),
(284, 4),
(293, 4),
(326, 4),
(332, 4),
(22, 5),
(29, 5),
(49, 5),
(65, 5),
(72, 5),
(87, 5),
(93, 5),
(97, 5),
(120, 5),
(149, 5),
(152, 5),
(163, 5),
(171, 5),
(173, 5),
(180, 5),
(190, 5),
(200, 5),
(204, 5),
(219, 5),
(220, 5),
(252, 5),
(263, 5),
(278, 5),
(295, 5),
(18, 6),
(26, 6),
(32, 6),
(36, 6),
(46, 6),
(47, 6),
(51, 6),
(55, 6),
(56, 6),
(95, 6),
(99, 6),
(101, 6),
(112, 6),
(124, 6),
(130, 6),
(140, 6),
(150, 6),
(158, 6),
(162, 6),
(197, 6),
(206, 6),
(207, 6),
(218, 6),
(224, 6),
(245, 6),
(258, 6),
(260, 6),
(261, 6),
(273, 6),
(275, 6),
(299, 6),
(301, 6),
(306, 6),
(311, 6),
(313, 6),
(327, 6),
(10, 7),
(15, 7),
(50, 7),
(54, 7),
(61, 7),
(68, 7),
(92, 7),
(105, 7),
(108, 7),
(118, 7),
(132, 7),
(138, 7),
(160, 7),
(164, 7),
(165, 7),
(191, 7),
(208, 7),
(212, 7),
(230, 7),
(242, 7),
(270, 7),
(298, 7),
(303, 7),
(335, 7),
(4, 8),
(5, 8),
(8, 8),
(42, 8),
(58, 8),
(60, 8),
(62, 8),
(69, 8),
(71, 8),
(77, 8),
(79, 8),
(157, 8),
(161, 8),
(167, 8),
(169, 8),
(176, 8),
(184, 8),
(193, 8),
(194, 8),
(196, 8),
(235, 8),
(239, 8),
(243, 8),
(246, 8),
(247, 8),
(254, 8),
(274, 8),
(290, 8),
(291, 8),
(305, 8),
(307, 8),
(312, 8),
(314, 8),
(321, 8),
(324, 8),
(325, 8),
(331, 8),
(334, 8),
(337, 8),
(338, 8),
(3, 9),
(20, 9),
(21, 9),
(34, 9),
(41, 9),
(70, 9),
(78, 9),
(88, 9),
(109, 9),
(114, 9),
(121, 9),
(122, 9),
(136, 9),
(141, 9),
(144, 9),
(146, 9),
(156, 9),
(168, 9),
(181, 9),
(216, 9),
(232, 9),
(241, 9),
(244, 9),
(250, 9),
(265, 9),
(267, 9),
(279, 9),
(285, 9),
(286, 9),
(308, 9),
(317, 9),
(318, 9),
(7, 10),
(16, 10),
(17, 10),
(19, 10),
(24, 10),
(38, 10),
(44, 10),
(66, 10),
(84, 10),
(91, 10),
(100, 10),
(126, 10),
(133, 10),
(147, 10),
(148, 10),
(151, 10),
(170, 10),
(172, 10),
(174, 10),
(178, 10),
(183, 10),
(185, 10),
(187, 10),
(199, 10),
(209, 10),
(225, 10),
(226, 10),
(227, 10),
(228, 10),
(234, 10),
(238, 10),
(240, 10),
(253, 10),
(255, 10),
(256, 10),
(268, 10),
(271, 10),
(287, 10),
(289, 10),
(302, 10),
(316, 10),
(319, 10),
(320, 10),
(323, 10);

-- --------------------------------------------------------

--
-- Cấu trúc bảng cho bảng `movie_nation`
--

CREATE TABLE `movie_nation` (
  `id_movie` int NOT NULL,
  `id_nation` int NOT NULL
) ENGINE=InnoDB DEFAULT CHARSET=utf8mb4 COLLATE=utf8mb4_0900_ai_ci;

--
-- Đang đổ dữ liệu cho bảng `movie_nation`
--

INSERT INTO `movie_nation` (`id_movie`, `id_nation`) VALUES
(7, 1),
(27, 1),
(50, 1),
(72, 1),
(113, 1),
(131, 1),
(138, 1),
(155, 1),
(162, 1),
(169, 1),
(182, 1),
(194, 1),
(195, 1),
(252, 1),
(254, 1),
(258, 1),
(267, 1),
(307, 1),
(337, 1),
(66, 2),
(67, 2),
(108, 2),
(114, 2),
(125, 2),
(135, 2),
(151, 2),
(161, 2),
(188, 2),
(199, 2),
(213, 2),
(221, 2),
(228, 2),
(229, 2),
(234, 2),
(266, 2),
(277, 2),
(287, 2),
(293, 2),
(13, 3),
(82, 3),
(87, 3),
(116, 3),
(118, 3),
(121, 3),
(126, 3),
(128, 3),
(130, 3),
(150, 3),
(153, 3),
(170, 3),
(219, 3),
(236, 3),
(284, 3),
(301, 3),
(313, 3),
(338, 3),
(2, 4),
(45, 4),
(53, 4),
(70, 4),
(75, 4),
(88, 4),
(102, 4),
(106, 4),
(134, 4),
(147, 4),
(154, 4),
(168, 4),
(192, 4),
(224, 4),
(242, 4),
(255, 4),
(264, 4),
(282, 4),
(289, 4),
(304, 4),
(310, 4),
(316, 4),
(322, 4),
(17, 5),
(37, 5),
(59, 5),
(104, 5),
(158, 5),
(172, 5),
(187, 5),
(189, 5),
(205, 5),
(241, 5),
(275, 5),
(314, 5),
(26, 6),
(91, 6),
(129, 6),
(144, 6),
(204, 6),
(269, 6),
(281, 6),
(291, 6),
(333, 6),
(10, 7),
(14, 7),
(41, 7),
(71, 7),
(77, 7),
(81, 7),
(90, 7),
(92, 7),
(93, 7),
(103, 7),
(159, 7),
(165, 7),
(166, 7),
(176, 7),
(181, 7),
(208, 7),
(218, 7),
(231, 7),
(244, 7),
(246, 7),
(271, 7),
(274, 7),
(302, 7),
(311, 7),
(327, 7),
(328, 7),
(43, 8),
(73, 8),
(115, 8),
(120, 8),
(132, 8),
(139, 8),
(140, 8),
(157, 8),
(185, 8),
(197, 8),
(212, 8),
(250, 8),
(298, 8),
(319, 8),
(3, 9),
(24, 9),
(47, 9),
(105, 9),
(133, 9),
(210, 9),
(211, 9),
(238, 9),
(256, 9),
(263, 9),
(280, 9),
(299, 9),
(317, 9),
(320, 9),
(21, 10),
(109, 10),
(180, 10),
(202, 10),
(214, 10),
(240, 10),
(276, 10),
(288, 10),
(312, 10),
(325, 10),
(329, 10),
(330, 10),
(334, 10),
(336, 10),
(8, 11),
(32, 11),
(42, 11),
(49, 11),
(56, 11),
(63, 11),
(110, 11),
(117, 11),
(124, 11),
(145, 11),
(171, 11),
(184, 11),
(207, 11),
(248, 11),
(295, 11),
(308, 11),
(318, 11),
(9, 12),
(20, 12),
(29, 12),
(33, 12),
(34, 12),
(46, 12),
(83, 12),
(107, 12),
(122, 12),
(143, 12),
(146, 12),
(148, 12),
(156, 12),
(178, 12),
(186, 12),
(193, 12),
(259, 12),
(265, 12),
(294, 12),
(296, 12),
(306, 12),
(332, 12),
(15, 13),
(22, 13),
(23, 13),
(28, 13),
(55, 13),
(64, 13),
(65, 13),
(74, 13),
(80, 13),
(99, 13),
(112, 13),
(149, 13),
(167, 13),
(177, 13),
(179, 13),
(198, 13),
(216, 13),
(230, 13),
(235, 13),
(243, 13),
(261, 13),
(270, 13),
(285, 13),
(297, 13),
(305, 13),
(309, 13),
(321, 13),
(326, 13),
(1, 14),
(5, 14),
(12, 14),
(40, 14),
(51, 14),
(78, 14),
(89, 14),
(97, 14),
(100, 14),
(123, 14),
(217, 14),
(232, 14),
(247, 14),
(253, 14),
(260, 14),
(303, 14),
(16, 15),
(25, 15),
(31, 15),
(35, 15),
(38, 15),
(48, 15),
(61, 15),
(101, 15),
(119, 15),
(160, 15),
(191, 15),
(196, 15),
(203, 15),
(209, 15),
(222, 15),
(226, 15),
(233, 15),
(251, 15),
(257, 15),
(279, 15),
(292, 15),
(300, 15),
(331, 15),
(18, 16),
(19, 16),
(30, 16),
(52, 16),
(54, 16),
(57, 16),
(62, 16),
(86, 16),
(95, 16),
(152, 16),
(173, 16),
(174, 16),
(183, 16),
(190, 16),
(225, 16),
(237, 16),
(245, 16),
(273, 16),
(323, 16),
(6, 17),
(11, 17),
(36, 17),
(39, 17),
(44, 17),
(69, 17),
(76, 17),
(98, 17),
(111, 17),
(136, 17),
(137, 17),
(141, 17),
(142, 17),
(215, 17),
(223, 17),
(227, 17),
(239, 17),
(249, 17),
(262, 17),
(268, 17),
(272, 17),
(286, 17),
(290, 17),
(4, 18),
(58, 18),
(60, 18),
(68, 18),
(79, 18),
(84, 18),
(85, 18),
(94, 18),
(96, 18),
(127, 18),
(163, 18),
(164, 18),
(175, 18),
(200, 18),
(201, 18),
(206, 18),
(220, 18),
(278, 18),
(283, 18),
(315, 18),
(324, 18),
(335, 18);

-- --------------------------------------------------------

--
-- Cấu trúc bảng cho bảng `movie_trailer`
--

CREATE TABLE `movie_trailer` (
  `id_movie` int NOT NULL,
  `id_trailer` int NOT NULL,
  `status` enum('active','hidden') DEFAULT NULL
) ENGINE=InnoDB DEFAULT CHARSET=utf8mb4 COLLATE=utf8mb4_0900_ai_ci;

--
-- Đang đổ dữ liệu cho bảng `movie_trailer`
--

INSERT INTO `movie_trailer` (`id_movie`, `id_trailer`, `status`) VALUES
(1, 62, 'active'),
(2, 133, 'active'),
(5, 105, 'active'),
(5, 111, 'active'),
(6, 61, 'active'),
(8, 50, 'active'),
(18, 118, 'active'),
(23, 152, 'hidden'),
(24, 83, 'active'),
(24, 113, 'active'),
(28, 150, 'active'),
(28, 194, 'hidden'),
(30, 82, 'active'),
(31, 54, 'active'),
(31, 188, 'hidden'),
(31, 197, 'hidden'),
(34, 74, 'active'),
(35, 108, 'active'),
(36, 181, 'hidden'),
(38, 14, 'active'),
(38, 149, 'active'),
(40, 20, 'active'),
(44, 147, 'active'),
(46, 155, 'hidden'),
(53, 93, 'active'),
(56, 183, 'hidden'),
(58, 33, 'active'),
(63, 63, 'active'),
(63, 124, 'active'),
(64, 22, 'active'),
(67, 53, 'active'),
(69, 120, 'active'),
(69, 186, 'hidden'),
(72, 21, 'active'),
(72, 86, 'active'),
(72, 116, 'active'),
(74, 85, 'active'),
(75, 1, 'active'),
(78, 29, 'active'),
(79, 38, 'active'),
(80, 131, 'active'),
(84, 95, 'active'),
(86, 91, 'active'),
(87, 123, 'active'),
(87, 132, 'active'),
(89, 90, 'active'),
(89, 104, 'active'),
(89, 167, 'hidden'),
(90, 40, 'active'),
(90, 129, 'active'),
(99, 98, 'active'),
(99, 99, 'active'),
(100, 168, 'hidden'),
(102, 157, 'hidden'),
(105, 60, 'active'),
(107, 48, 'active'),
(107, 58, 'active'),
(108, 159, 'hidden'),
(110, 12, 'active'),
(112, 16, 'active'),
(115, 3, 'active'),
(117, 100, 'active'),
(120, 176, 'hidden'),
(121, 45, 'active'),
(121, 69, 'active'),
(122, 146, 'active'),
(125, 153, 'hidden'),
(126, 24, 'active'),
(126, 158, 'hidden'),
(127, 44, 'active'),
(127, 170, 'hidden'),
(128, 7, 'active'),
(130, 161, 'hidden'),
(131, 199, 'hidden'),
(134, 193, 'hidden'),
(136, 154, 'hidden'),
(140, 195, 'hidden'),
(141, 165, 'hidden'),
(141, 198, 'hidden'),
(142, 174, 'hidden'),
(144, 189, 'hidden'),
(145, 9, 'active'),
(150, 89, 'active'),
(150, 141, 'active'),
(154, 59, 'active'),
(154, 166, 'hidden'),
(156, 75, 'active'),
(156, 122, 'active'),
(156, 126, 'active'),
(157, 23, 'active'),
(157, 125, 'active'),
(157, 179, 'hidden'),
(158, 97, 'active'),
(158, 156, 'hidden'),
(159, 41, 'active'),
(159, 135, 'active'),
(160, 31, 'active'),
(160, 92, 'active'),
(162, 139, 'active'),
(164, 114, 'active'),
(164, 128, 'active'),
(169, 17, 'active'),
(172, 96, 'active'),
(172, 178, 'hidden'),
(173, 121, 'active'),
(174, 72, 'active'),
(177, 185, 'hidden'),
(178, 13, 'active'),
(180, 184, 'hidden'),
(182, 15, 'active'),
(182, 37, 'active'),
(182, 81, 'active'),
(182, 180, 'hidden'),
(185, 46, 'active'),
(188, 18, 'active'),
(188, 39, 'active'),
(189, 26, 'active'),
(193, 80, 'active'),
(194, 6, 'active'),
(197, 190, 'hidden'),
(198, 117, 'active'),
(199, 101, 'active'),
(200, 144, 'active'),
(201, 136, 'active'),
(202, 71, 'active'),
(208, 10, 'active'),
(209, 34, 'active'),
(212, 51, 'active'),
(214, 145, 'active'),
(216, 43, 'active'),
(217, 78, 'active'),
(218, 175, 'hidden'),
(221, 162, 'hidden'),
(221, 172, 'hidden'),
(222, 192, 'hidden'),
(225, 200, 'hidden'),
(226, 109, 'active'),
(226, 137, 'active'),
(226, 142, 'active'),
(234, 68, 'active'),
(234, 84, 'active'),
(234, 88, 'active'),
(236, 5, 'active'),
(238, 36, 'active'),
(239, 143, 'active'),
(246, 32, 'active'),
(247, 191, 'hidden'),
(251, 177, 'hidden'),
(252, 110, 'active'),
(253, 2, 'active'),
(253, 66, 'active'),
(253, 134, 'active'),
(253, 148, 'active'),
(253, 151, 'hidden'),
(261, 8, 'active'),
(261, 171, 'hidden'),
(263, 160, 'hidden'),
(264, 107, 'active'),
(267, 56, 'active'),
(268, 103, 'active'),
(268, 112, 'active'),
(270, 76, 'active'),
(274, 65, 'active'),
(274, 102, 'active'),
(275, 187, 'hidden'),
(279, 173, 'hidden'),
(282, 49, 'active'),
(285, 47, 'active'),
(285, 119, 'active'),
(286, 19, 'active'),
(292, 52, 'active'),
(294, 11, 'active'),
(294, 140, 'active'),
(295, 169, 'hidden'),
(299, 57, 'active'),
(300, 55, 'active'),
(302, 28, 'active'),
(302, 164, 'hidden'),
(303, 87, 'active'),
(303, 138, 'active'),
(305, 4, 'active'),
(306, 30, 'active'),
(306, 73, 'active'),
(309, 79, 'active'),
(312, 42, 'active'),
(314, 70, 'active'),
(315, 106, 'active'),
(317, 77, 'active'),
(325, 130, 'active'),
(326, 25, 'active'),
(326, 27, 'active'),
(326, 115, 'active'),
(326, 182, 'hidden'),
(327, 67, 'active'),
(328, 35, 'active'),
(329, 163, 'hidden'),
(330, 94, 'active'),
(331, 64, 'active'),
(332, 196, 'hidden'),
(333, 127, 'active');

-- --------------------------------------------------------

--
-- Cấu trúc bảng cho bảng `movie_writers`
--

CREATE TABLE `movie_writers` (
  `id_movie` int NOT NULL,
  `id_writer` int NOT NULL
) ENGINE=InnoDB DEFAULT CHARSET=utf8mb4 COLLATE=utf8mb4_0900_ai_ci;

--
-- Đang đổ dữ liệu cho bảng `movie_writers`
--

INSERT INTO `movie_writers` (`id_movie`, `id_writer`) VALUES
(24, 1),
(41, 1),
(48, 1),
(55, 1),
(130, 1),
(131, 1),
(10, 2),
(21, 2),
(53, 2),
(115, 2),
(158, 2),
(177, 2),
(247, 2),
(292, 2),
(3, 3),
(38, 3),
(99, 3),
(105, 3),
(178, 3),
(206, 3),
(207, 3),
(319, 3),
(4, 4),
(23, 4),
(37, 4),
(51, 4),
(83, 4),
(139, 4),
(141, 4),
(182, 4),
(241, 4),
(294, 4),
(320, 4),
(332, 4),
(26, 5),
(28, 5),
(84, 5),
(95, 5),
(110, 5),
(181, 5),
(191, 5),
(231, 5),
(301, 5),
(304, 5),
(68, 6),
(147, 6),
(151, 6),
(188, 6),
(201, 6),
(222, 6),
(279, 6),
(324, 6),
(338, 6),
(6, 7),
(43, 7),
(48, 7),
(75, 7),
(135, 7),
(140, 7),
(159, 7),
(208, 7),
(264, 7),
(293, 7),
(300, 7),
(336, 7),
(1, 8),
(42, 8),
(43, 8),
(56, 8),
(77, 8),
(102, 8),
(118, 8),
(146, 8),
(169, 8),
(221, 8),
(232, 8),
(276, 8),
(311, 8),
(24, 9),
(38, 9),
(121, 9),
(189, 9),
(295, 9),
(22, 10),
(34, 10),
(46, 10),
(70, 10),
(145, 10),
(165, 10),
(192, 10),
(8, 11),
(12, 11),
(29, 11),
(31, 11),
(38, 11),
(114, 11),
(257, 11),
(308, 11),
(28, 12),
(33, 12),
(47, 12),
(54, 12),
(85, 12),
(86, 12),
(322, 12),
(20, 13),
(21, 13),
(32, 13),
(40, 13),
(65, 13),
(117, 13),
(160, 13),
(168, 13),
(211, 13),
(16, 14),
(19, 14),
(30, 14),
(74, 14),
(78, 14),
(113, 14),
(142, 14),
(238, 14),
(328, 14),
(21, 15),
(33, 15),
(50, 15),
(163, 15),
(197, 15),
(239, 15),
(255, 15),
(289, 15),
(12, 16),
(17, 16),
(22, 16),
(31, 16),
(41, 16),
(138, 16),
(149, 16),
(162, 16),
(8, 17),
(47, 17),
(103, 17),
(213, 17),
(254, 17),
(273, 17),
(15, 18),
(22, 18),
(32, 18),
(73, 18),
(87, 18),
(91, 18),
(97, 18),
(137, 18),
(153, 18),
(217, 18),
(218, 18),
(233, 18),
(253, 18),
(287, 18),
(305, 18),
(325, 18),
(5, 19),
(11, 19),
(14, 19),
(15, 19),
(19, 19),
(32, 19),
(45, 19),
(106, 19),
(154, 19),
(176, 19),
(234, 19),
(246, 19),
(309, 19),
(321, 19),
(35, 20),
(50, 20),
(98, 20),
(125, 20),
(270, 20),
(277, 20),
(333, 20),
(3, 21),
(37, 21),
(47, 21),
(112, 21),
(171, 21),
(266, 21),
(7, 22),
(67, 22),
(256, 22),
(283, 22),
(315, 22),
(326, 22),
(13, 23),
(42, 23),
(128, 23),
(170, 23),
(209, 23),
(274, 23),
(284, 23),
(296, 23),
(2, 24),
(11, 24),
(39, 24),
(48, 24),
(204, 24),
(215, 24),
(244, 24),
(285, 24),
(8, 25),
(27, 25),
(228, 25),
(245, 25),
(334, 25),
(30, 26),
(31, 26),
(41, 26),
(46, 26),
(109, 26),
(210, 26),
(214, 26),
(265, 26),
(269, 26),
(29, 27),
(45, 27),
(161, 27),
(164, 27),
(196, 27),
(198, 27),
(224, 27),
(250, 27),
(2, 28),
(36, 28),
(120, 28),
(143, 28),
(290, 28),
(291, 28),
(297, 28),
(313, 28),
(316, 28),
(10, 29),
(25, 29),
(57, 29),
(72, 29),
(155, 29),
(243, 29),
(280, 29),
(337, 29),
(15, 30),
(183, 30),
(220, 30),
(229, 30),
(242, 30),
(261, 30),
(323, 30),
(20, 31),
(44, 31),
(90, 31),
(94, 31),
(134, 31),
(212, 31),
(249, 31),
(16, 32),
(26, 32),
(34, 32),
(45, 32),
(64, 32),
(81, 32),
(173, 32),
(227, 32),
(286, 32),
(312, 32),
(6, 33),
(10, 33),
(23, 33),
(35, 33),
(40, 33),
(69, 33),
(76, 33),
(88, 33),
(172, 33),
(186, 33),
(223, 33),
(251, 33),
(272, 33),
(306, 33),
(330, 33),
(13, 34),
(27, 34),
(63, 34),
(79, 34),
(101, 34),
(226, 34),
(9, 35),
(14, 35),
(37, 35),
(80, 35),
(82, 35),
(92, 35),
(111, 35),
(132, 35),
(230, 35),
(240, 35),
(303, 35),
(329, 35),
(331, 35),
(4, 36),
(5, 36),
(7, 36),
(11, 36),
(12, 36),
(29, 36),
(51, 36),
(58, 36),
(136, 36),
(157, 36),
(194, 36),
(199, 36),
(205, 36),
(259, 36),
(263, 36),
(282, 36),
(19, 37),
(28, 37),
(39, 37),
(42, 37),
(62, 37),
(71, 37),
(144, 37),
(156, 37),
(174, 37),
(195, 37),
(268, 37),
(299, 37),
(307, 37),
(7, 38),
(16, 38),
(18, 38),
(61, 38),
(262, 38),
(275, 38),
(25, 39),
(36, 39),
(89, 39),
(104, 39),
(216, 39),
(26, 40),
(36, 40),
(225, 40),
(1, 41),
(49, 41),
(119, 41),
(126, 41),
(252, 41),
(310, 41),
(9, 42),
(13, 42),
(24, 42),
(27, 42),
(40, 42),
(44, 42),
(49, 42),
(129, 42),
(267, 42),
(1, 43),
(5, 43),
(9, 43),
(34, 43),
(52, 43),
(93, 43),
(185, 43),
(260, 43),
(18, 44),
(25, 44),
(39, 44),
(116, 44),
(150, 44),
(200, 44),
(17, 45),
(49, 45),
(66, 45),
(124, 45),
(288, 45),
(318, 45),
(2, 46),
(6, 46),
(18, 46),
(23, 46),
(51, 46),
(60, 46),
(108, 46),
(184, 46),
(187, 46),
(219, 46),
(237, 46),
(278, 46),
(281, 46),
(30, 47),
(43, 47),
(107, 47),
(123, 47),
(190, 47),
(258, 47),
(302, 47),
(317, 47),
(17, 48),
(44, 48),
(50, 48),
(59, 48),
(122, 48),
(148, 48),
(193, 48),
(236, 48),
(248, 48),
(298, 48),
(327, 48),
(3, 49),
(14, 49),
(100, 49),
(127, 49),
(166, 49),
(179, 49),
(180, 49),
(203, 49),
(314, 49),
(96, 50),
(133, 50),
(152, 50),
(167, 50),
(175, 50),
(202, 50),
(235, 50),
(271, 50),
(335, 50);

-- --------------------------------------------------------

--
-- Cấu trúc bảng cho bảng `nation`
--

CREATE TABLE `nation` (
  `id` int NOT NULL,
  `name` varchar(50) NOT NULL
) ENGINE=InnoDB DEFAULT CHARSET=utf8mb4 COLLATE=utf8mb4_0900_ai_ci;

--
-- Đang đổ dữ liệu cho bảng `nation`
--

INSERT INTO `nation` (`id`, `name`) VALUES
(1, 'Malaysia'),
(2, 'Poland'),
(3, 'Philippines'),
(4, 'Ecuador'),
(5, 'United Kingdom'),
(6, 'France'),
(7, 'China'),
(8, 'Peru'),
(9, 'Thailand'),
(10, 'Bulgaria'),
(11, 'Nigeria'),
(12, 'Mexico'),
(13, 'Japan'),
(14, 'Ireland'),
(15, 'Netherlands'),
(16, 'Brazil'),
(17, 'United States'),
(18, 'Canada');

-- --------------------------------------------------------

--
-- Cấu trúc bảng cho bảng `title_type`
--

CREATE TABLE `title_type` (
  `id` int NOT NULL,
  `name` varchar(50) NOT NULL
) ENGINE=InnoDB DEFAULT CHARSET=utf8mb4 COLLATE=utf8mb4_0900_ai_ci;

--
-- Đang đổ dữ liệu cho bảng `title_type`
--

INSERT INTO `title_type` (`id`, `name`) VALUES
(1, 'Movie'),
(2, 'TV Series'),
(3, 'TV Mini Series'),
(4, 'Video Game'),
(5, 'Music Video'),
(6, 'Podcast Episode'),
(7, 'Video'),
(8, 'TV Special');

-- --------------------------------------------------------

--
-- Cấu trúc bảng cho bảng `trailer`
--

CREATE TABLE `trailer` (
  `id` int NOT NULL,
  `link` text NOT NULL
) ENGINE=InnoDB DEFAULT CHARSET=utf8mb4 COLLATE=utf8mb4_0900_ai_ci;

--
-- Đang đổ dữ liệu cho bảng `trailer`
--

INSERT INTO `trailer` (`id`, `link`) VALUES
(1, 'http://bloomberg.com/pellentesque/eget/nunc/donec/quis/orci/eget.jpg'),
(2, 'https://tripadvisor.com/duis/mattis/egestas.html'),
(3, 'http://arizona.edu/dolor/sit/amet/consectetuer/adipiscing.json'),
(4, 'https://omniture.com/consequat/varius/integer.html'),
(5, 'http://hubpages.com/rutrum/neque/aenean/auctor/gravida.html'),
(6, 'https://nps.gov/dolor/sit.xml'),
(7, 'http://w3.org/pretium/nisl/ut/volutpat/sapien/arcu.html'),
(8, 'http://webeden.co.uk/montes/nascetur/ridiculus/mus.xml'),
(9, 'http://theglobeandmail.com/faucibus/orci/luctus/et/ultrices/posuere.html'),
(10, 'https://geocities.com/condimentum/id/luctus/nec/molestie/sed.xml'),
(11, 'https://wordpress.org/aenean/fermentum/donec/ut.json'),
(12, 'http://woothemes.com/eget/tincidunt/eget/tempus/vel.js'),
(13, 'https://howstuffworks.com/vestibulum.json'),
(14, 'https://bbb.org/consequat/metus.jpg'),
(15, 'https://over-blog.com/cursus/id/turpis.html'),
(16, 'https://creativecommons.org/turpis/a/pede/posuere/nonummy/integer.jpg'),
(17, 'https://ning.com/at/turpis/a/pede.js'),
(18, 'http://wikispaces.com/mauris/ullamcorper/purus/sit/amet/nulla.aspx'),
(19, 'http://ibm.com/magna/at/nunc/commodo/placerat.jpg'),
(20, 'http://tuttocitta.it/elementum/eu/interdum/eu.jpg'),
(21, 'https://businessinsider.com/vestibulum/eget.aspx'),
(22, 'https://goodreads.com/in/lacus.png'),
(23, 'https://princeton.edu/libero/convallis/eget/eleifend/luctus.js'),
(24, 'http://google.pl/ut/suscipit/a/feugiat/et.aspx'),
(25, 'https://imgur.com/id/ligula/suspendisse.json'),
(26, 'http://blogs.com/turpis/adipiscing/lorem/vitae/mattis/nibh.html'),
(27, 'https://alexa.com/in/hac.js'),
(28, 'https://github.com/sed/sagittis/nam/congue/risus.xml'),
(29, 'http://shinystat.com/venenatis/tristique/fusce/congue.jpg'),
(30, 'http://artisteer.com/dolor/morbi/vel/lectus.html'),
(31, 'https://ow.ly/ut/massa/quis/augue/luctus.png'),
(32, 'http://ocn.ne.jp/quam/pharetra.js'),
(33, 'http://shop-pro.jp/sagittis/sapien/cum/sociis/natoque.html'),
(34, 'https://qq.com/quisque/id/justo/sit.jpg'),
(35, 'http://redcross.org/in/hac/habitasse.js'),
(36, 'https://twitter.com/in.jpg'),
(37, 'https://paginegialle.it/ultrices/aliquet.html'),
(38, 'http://google.com/aliquam/erat/volutpat/in/congue/etiam.xml'),
(39, 'https://behance.net/et/ultrices/posuere.aspx'),
(40, 'https://imdb.com/consectetuer.js'),
(41, 'http://privacy.gov.au/in.jsp'),
(42, 'http://globo.com/non/interdum/in/ante.json'),
(43, 'http://istockphoto.com/viverra/eget/congue.aspx'),
(44, 'https://sogou.com/sapien/urna/pretium/nisl/ut/volutpat/sapien.xml'),
(45, 'http://microsoft.com/vestibulum.json'),
(46, 'http://washingtonpost.com/cubilia.png'),
(47, 'http://imageshack.us/eleifend/luctus/ultricies/eu/nibh.aspx'),
(48, 'https://instagram.com/quam/turpis/adipiscing/lorem/vitae/mattis/nibh.png'),
(49, 'https://mlb.com/consequat/nulla/nisl/nunc/nisl.html'),
(50, 'http://etsy.com/duis/bibendum.jsp'),
(51, 'https://deliciousdays.com/pede.jpg'),
(52, 'https://mapquest.com/cursus/urna/ut/tellus/nulla/ut.xml'),
(53, 'http://tuttocitta.it/varius/integer/ac/leo/pellentesque/ultrices.aspx'),
(54, 'http://oracle.com/ultrices/erat/tortor/sollicitudin.html'),
(55, 'http://baidu.com/posuere/nonummy/integer/non.aspx'),
(56, 'http://live.com/sed/vel.xml'),
(57, 'https://salon.com/in/tempus.js'),
(58, 'http://opera.com/aenean/lectus/pellentesque/eget/nunc/donec.png'),
(59, 'http://mozilla.com/amet/lobortis/sapien/sapien.jsp'),
(60, 'http://posterous.com/ipsum/aliquam/non.jpg'),
(61, 'http://list-manage.com/condimentum/neque/sapien/placerat/ante/nulla/justo.png'),
(62, 'http://squarespace.com/porttitor/lacus/at.xml'),
(63, 'https://soundcloud.com/ante/vivamus/tortor/duis/mattis.json'),
(64, 'https://wiley.com/justo/etiam/pretium.aspx'),
(65, 'http://taobao.com/sapien/cursus/vestibulum/proin.jpg'),
(66, 'https://sakura.ne.jp/eget/massa/tempor/convallis/nulla/neque.jsp'),
(67, 'http://twitter.com/nulla/tempus/vivamus/in/felis/eu.png'),
(68, 'http://nba.com/fermentum.png'),
(69, 'http://webs.com/semper/interdum/mauris/ullamcorper/purus/sit/amet.png'),
(70, 'http://icq.com/ipsum.aspx'),
(71, 'https://newsvine.com/volutpat/convallis/morbi/odio/odio.aspx'),
(72, 'https://hatena.ne.jp/lorem/quisque.js'),
(73, 'https://usgs.gov/lectus/pellentesque/at/nulla/suspendisse/potenti.png'),
(74, 'https://dion.ne.jp/proin/risus/praesent/lectus/vestibulum/quam/sapien.html'),
(75, 'https://de.vu/pede/lobortis/ligula/sit/amet.jpg'),
(76, 'http://symantec.com/justo/maecenas/rhoncus.jpg'),
(77, 'https://webnode.com/ante/ipsum.jsp'),
(78, 'https://biglobe.ne.jp/tempor/convallis/nulla/neque/libero.xml'),
(79, 'http://yolasite.com/sed/lacus/morbi/sem/mauris/laoreet.jsp'),
(80, 'http://homestead.com/diam/vitae/quam/suspendisse/potenti/nullam/porttitor.html'),
(81, 'http://amazonaws.com/amet/nulla/quisque/arcu/libero/rutrum/ac.jpg'),
(82, 'http://squidoo.com/faucibus/orci/luctus/et.jpg'),
(83, 'http://studiopress.com/posuere/nonummy/integer.aspx'),
(84, 'http://deliciousdays.com/blandit/nam/nulla/integer.html'),
(85, 'https://sourceforge.net/augue/vestibulum/ante/ipsum/primis/in.html'),
(86, 'https://uol.com.br/justo/maecenas/rhoncus/aliquam/lacus.html'),
(87, 'https://pen.io/potenti/in/eleifend/quam/a/odio/in.jpg'),
(88, 'http://youku.com/tellus/nulla/ut.jpg'),
(89, 'https://liveinternet.ru/aliquet/ultrices.jsp'),
(90, 'http://mashable.com/et/ultrices/posuere/cubilia/curae/mauris/viverra.png'),
(91, 'http://rakuten.co.jp/ipsum/dolor.xml'),
(92, 'https://engadget.com/eget/tempus/vel/pede/morbi/porttitor/lorem.png'),
(93, 'https://earthlink.net/tellus.json'),
(94, 'http://google.ru/imperdiet/et/commodo/vulputate/justo.js'),
(95, 'https://home.pl/elit/proin/interdum/mauris/non/ligula.aspx'),
(96, 'http://nationalgeographic.com/pretium/quis/lectus/suspendisse.aspx'),
(97, 'http://reference.com/orci/eget/orci/vehicula/condimentum/curabitur.js'),
(98, 'http://seattletimes.com/vel/augue.jsp'),
(99, 'http://canalblog.com/accumsan/tortor/quis/turpis/sed/ante.json'),
(100, 'https://prnewswire.com/mi/pede/malesuada.aspx'),
(101, 'http://tinypic.com/curabitur.html'),
(102, 'https://utexas.edu/augue/quam/sollicitudin/vitae/consectetuer.json'),
(103, 'http://loc.gov/ridiculus/mus/etiam/vel/augue/vestibulum.aspx'),
(104, 'https://discovery.com/eros/vestibulum.aspx'),
(105, 'http://virginia.edu/ut/odio/cras/mi/pede.js'),
(106, 'http://home.pl/amet/eros/suspendisse/accumsan.js'),
(107, 'http://google.ca/lacinia/aenean/sit/amet/justo.js'),
(108, 'http://disqus.com/laoreet/ut/rhoncus/aliquet/pulvinar/sed/nisl.aspx'),
(109, 'http://amazon.de/vestibulum/quam/sapien/varius/ut.png'),
(110, 'http://quantcast.com/nam.js'),
(111, 'https://photobucket.com/duis/faucibus.json'),
(112, 'https://webmd.com/eleifend.jsp'),
(113, 'https://icq.com/convallis/nulla/neque/libero/convallis/eget/eleifend.js'),
(114, 'http://goo.ne.jp/nec/molestie/sed/justo/pellentesque/viverra/pede.json'),
(115, 'http://smh.com.au/pretium/quis/lectus/suspendisse/potenti/in/eleifend.js'),
(116, 'http://photobucket.com/libero.js'),
(117, 'https://sciencedaily.com/duis/ac/nibh/fusce/lacus/purus/aliquet.png'),
(118, 'http://4shared.com/purus/phasellus/in/felis/donec/semper.xml'),
(119, 'https://goo.ne.jp/praesent/lectus/vestibulum/quam.xml'),
(120, 'https://hugedomains.com/metus/sapien/ut/nunc/vestibulum.json'),
(121, 'http://addthis.com/proin/risus/praesent/lectus.html'),
(122, 'http://aboutads.info/potenti.aspx'),
(123, 'https://discovery.com/felis/donec.jpg'),
(124, 'http://cbc.ca/ornare/imperdiet/sapien/urna/pretium.jsp'),
(125, 'http://deliciousdays.com/nulla/suscipit/ligula/in/lacus/curabitur/at.jpg'),
(126, 'https://nhs.uk/accumsan/tellus/nisi/eu.js'),
(127, 'http://mediafire.com/ut/tellus/nulla/ut/erat.png'),
(128, 'http://wired.com/interdum/in.aspx'),
(129, 'http://deviantart.com/maecenas/pulvinar/lobortis/est/phasellus/sit.js'),
(130, 'https://reddit.com/leo/pellentesque/ultrices.jsp'),
(131, 'https://behance.net/ut/suscipit/a/feugiat/et/eros/vestibulum.html'),
(132, 'http://abc.net.au/justo/morbi.jpg'),
(133, 'https://marketwatch.com/faucibus/accumsan/odio/curabitur/convallis/duis.jpg'),
(134, 'http://hao123.com/convallis/duis/consequat/dui.aspx'),
(135, 'http://stanford.edu/dolor/sit.xml'),
(136, 'https://e-recht24.de/convallis/nunc/proin/at/turpis/a/pede.xml'),
(137, 'http://taobao.com/ultrices/posuere/cubilia.xml'),
(138, 'https://merriam-webster.com/dictumst/maecenas/ut/massa/quis/augue/luctus.js'),
(139, 'https://themeforest.net/maecenas/tincidunt/lacus/at/velit/vivamus.jsp'),
(140, 'http://biglobe.ne.jp/amet.html'),
(141, 'http://amazon.de/pede/ac.json'),
(142, 'https://ihg.com/purus/sit/amet.json'),
(143, 'https://wp.com/rhoncus/aliquet/pulvinar/sed.xml'),
(144, 'https://odnoklassniki.ru/in/congue/etiam/justo/etiam/pretium/iaculis.json'),
(145, 'http://1688.com/at/turpis/a.xml'),
(146, 'https://ftc.gov/imperdiet/nullam/orci/pede/venenatis.json'),
(147, 'https://techcrunch.com/risus/auctor/sed/tristique/in.jsp'),
(148, 'http://cornell.edu/amet/lobortis/sapien/sapien.jpg'),
(149, 'https://sohu.com/mi/sit/amet/lobortis/sapien.jpg'),
(150, 'https://mit.edu/aenean/sit/amet/justo/morbi/ut/odio.jpg'),
(151, 'https://arizona.edu/pretium/iaculis/justo/in.png'),
(152, 'https://tamu.edu/urna/ut.xml'),
(153, 'http://auda.org.au/ac.json'),
(154, 'https://howstuffworks.com/vivamus/tortor/duis/mattis.jsp'),
(155, 'https://hhs.gov/nec.aspx'),
(156, 'http://eepurl.com/vulputate/nonummy/maecenas/tincidunt/lacus/at.png'),
(157, 'http://bravesites.com/ultrices/phasellus.js'),
(158, 'https://comsenz.com/quis/orci/nullam/molestie/nibh/in/lectus.html'),
(159, 'http://ebay.co.uk/varius/integer.html'),
(160, 'http://nps.gov/donec/ut/dolor/morbi/vel/lectus.js'),
(161, 'http://home.pl/lorem/quisque/ut/erat/curabitur/gravida/nisi.xml'),
(162, 'http://pen.io/tristique/in/tempus/sit/amet/sem/fusce.jpg'),
(163, 'https://house.gov/pellentesque/ultrices/phasellus.jpg'),
(164, 'http://slashdot.org/nulla/nunc/purus/phasellus/in/felis/donec.json'),
(165, 'http://godaddy.com/interdum/mauris/non/ligula/pellentesque/ultrices/phasellus.html'),
(166, 'https://stanford.edu/ut/nulla/sed/accumsan/felis/ut/at.json'),
(167, 'https://ebay.co.uk/sed/vel/enim.json'),
(168, 'http://exblog.jp/lectus/suspendisse/potenti/in/eleifend.png'),
(169, 'https://storify.com/pede.js'),
(170, 'http://mapy.cz/praesent/blandit/lacinia/erat/vestibulum/sed.aspx'),
(171, 'https://delicious.com/enim.xml'),
(172, 'http://seattletimes.com/pulvinar/nulla/pede/ullamcorper/augue.html'),
(173, 'http://digg.com/rutrum/ac/lobortis.xml'),
(174, 'https://ox.ac.uk/nulla.png'),
(175, 'http://whitehouse.gov/ante.xml'),
(176, 'http://feedburner.com/tincidunt/eget/tempus/vel/pede/morbi/porttitor.xml'),
(177, 'http://jugem.jp/nulla.json'),
(178, 'https://weather.com/elit/ac/nulla/sed/vel/enim.png'),
(179, 'https://bravesites.com/nam/ultrices/libero.jpg'),
(180, 'https://pagesperso-orange.fr/at/lorem/integer/tincidunt/ante.jsp'),
(181, 'https://state.gov/dapibus/at/diam.html'),
(182, 'https://instagram.com/nonummy/integer.json'),
(183, 'https://free.fr/dolor/sit/amet/consectetuer.xml'),
(184, 'http://pbs.org/luctus/et.jsp'),
(185, 'http://hubpages.com/odio/porttitor.jsp'),
(186, 'http://nih.gov/in/hac/habitasse.aspx'),
(187, 'http://unblog.fr/est.aspx'),
(188, 'http://exblog.jp/sit/amet/justo/morbi/ut/odio.json'),
(189, 'http://nationalgeographic.com/venenatis/non/sodales/sed.jsp'),
(190, 'https://theguardian.com/felis/eu.xml'),
(191, 'https://businessweek.com/parturient/montes/nascetur/ridiculus/mus/vivamus/vestibulum.json'),
(192, 'https://independent.co.uk/aliquet/pulvinar/sed/nisl/nunc/rhoncus.jpg'),
(193, 'http://gravatar.com/augue.jsp'),
(194, 'https://behance.net/aenean/lectus/pellentesque/eget/nunc/donec/quis.jpg'),
(195, 'https://dagondesign.com/proin/risus/praesent/lectus/vestibulum/quam/sapien.js'),
(196, 'https://rediff.com/praesent/blandit/lacinia.js'),
(197, 'https://dion.ne.jp/justo/aliquam/quis/turpis.js'),
(198, 'http://nature.com/fringilla/rhoncus/mauris/enim/leo/rhoncus/sed.xml'),
(199, 'http://imdb.com/pede/ac/diam/cras/pellentesque.xml'),
(200, 'http://dailymail.co.uk/in/ante/vestibulum/ante/ipsum.png');

-- --------------------------------------------------------

--
-- Cấu trúc bảng cho bảng `writers`
--

CREATE TABLE `writers` (
  `id` int NOT NULL,
  `full_name` varchar(50) NOT NULL,
  `description` text,
  `date_of_birth` date DEFAULT NULL,
  `place_of_birth` varchar(200) DEFAULT NULL,
  `avatar` text
) ENGINE=InnoDB DEFAULT CHARSET=utf8mb4 COLLATE=utf8mb4_0900_ai_ci;

--
-- Đang đổ dữ liệu cho bảng `writers`
--

INSERT INTO `writers` (`id`, `full_name`, `description`, `date_of_birth`, `place_of_birth`, `avatar`) VALUES
(1, 'Kevina Towers', 'Aliquam augue quam, sollicitudin vitae, consectetuer eget, rutrum at, lorem.', '1993-11-03', 'China', 'http://dummyimage.com/163x100.png/dddddd/000000'),
(2, 'Elmer Dessaur', 'Nullam sit amet turpis elementum ligula vehicula consequat. Morbi a ipsum.', '1992-09-03', 'China', 'http://dummyimage.com/249x100.png/dddddd/000000'),
(3, 'Averill Uc', 'Quisque ut erat. Curabitur gravida nisi at nibh.', '1989-09-14', 'Guatemala', 'http://dummyimage.com/168x100.png/cc0000/ffffff'),
(4, 'Danyette Bax', 'Morbi non quam nec dui luctus rutrum. Nulla tellus.', '1989-01-16', 'Armenia', 'http://dummyimage.com/232x100.png/ff4444/ffffff'),
(5, 'Hagen Standbridge', 'Vivamus tortor. Duis mattis egestas metus. Aenean fermentum.', '1972-05-16', 'Indonesia', 'http://dummyimage.com/239x100.png/cc0000/ffffff'),
(6, 'Roi Jealous', 'Duis ac nibh.', '1984-02-09', 'Philippines', 'http://dummyimage.com/235x100.png/ff4444/ffffff'),
(7, 'Thomas Cottem', 'Nam nulla.', '1992-10-24', 'Ukraine', 'http://dummyimage.com/198x100.png/ff4444/ffffff'),
(8, 'Lonni Crosgrove', 'Duis aliquam convallis nunc. Proin at turpis a pede posuere nonummy.', '1981-04-26', 'Moldova', 'http://dummyimage.com/190x100.png/cc0000/ffffff'),
(9, 'Rafi Rocks', 'In hac habitasse platea dictumst.', '1990-09-16', 'Afghanistan', 'http://dummyimage.com/154x100.png/5fa2dd/ffffff'),
(10, 'Rafaello O\' Gara', 'Vivamus tortor. Duis mattis egestas metus. Aenean fermentum.', '1971-03-26', 'China', 'http://dummyimage.com/141x100.png/cc0000/ffffff'),
(11, 'Ali Darkott', 'Vestibulum ante ipsum primis in faucibus orci luctus et ultrices posuere cubilia Curae; Nulla dapibus dolor vel est. Donec odio justo, sollicitudin ut, suscipit a, feugiat et, eros. Vestibulum ac est lacinia nisi venenatis tristique.', '1971-12-22', 'United States', 'http://dummyimage.com/100x100.png/cc0000/ffffff'),
(12, 'Tony Webster', 'Nam tristique tortor eu pede.', '1973-01-01', 'China', 'http://dummyimage.com/214x100.png/dddddd/000000'),
(13, 'Mimi Scarsbrick', 'Integer ac neque. Duis bibendum.', '1990-10-11', 'Greece', 'http://dummyimage.com/108x100.png/cc0000/ffffff'),
(14, 'Stavro Saxelby', 'Nullam molestie nibh in lectus. Pellentesque at nulla. Suspendisse potenti.', '1982-01-13', 'China', 'http://dummyimage.com/119x100.png/5fa2dd/ffffff'),
(15, 'Lorrayne Reddan', 'Pellentesque ultrices mattis odio. Donec vitae nisi.', '1990-07-31', 'Indonesia', 'http://dummyimage.com/190x100.png/cc0000/ffffff'),
(16, 'Carmina Lednor', 'Lorem ipsum dolor sit amet, consectetuer adipiscing elit. Proin risus. Praesent lectus.', '1990-12-15', 'Portugal', 'http://dummyimage.com/237x100.png/5fa2dd/ffffff'),
(17, 'Thelma Keysel', 'Fusce lacus purus, aliquet at, feugiat non, pretium quis, lectus.', '1970-07-22', 'China', 'http://dummyimage.com/138x100.png/ff4444/ffffff'),
(18, 'Ketty Cannon', 'Nunc rhoncus dui vel sem. Sed sagittis. Nam congue, risus semper porta volutpat, quam pede lobortis ligula, sit amet eleifend pede libero quis orci.', '1973-11-20', 'Indonesia', 'http://dummyimage.com/180x100.png/dddddd/000000'),
(19, 'Ephrem Assaf', 'In quis justo. Maecenas rhoncus aliquam lacus. Morbi quis tortor id nulla ultrices aliquet.', '1981-12-26', 'China', 'http://dummyimage.com/101x100.png/cc0000/ffffff'),
(20, 'Gib Tethacot', 'Mauris ullamcorper purus sit amet nulla. Quisque arcu libero, rutrum ac, lobortis vel, dapibus at, diam. Nam tristique tortor eu pede.', '1994-12-26', 'Sudan', 'http://dummyimage.com/248x100.png/cc0000/ffffff'),
(21, 'Blondy Kennington', 'Etiam pretium iaculis justo. In hac habitasse platea dictumst.', '1985-09-23', 'Japan', 'http://dummyimage.com/112x100.png/cc0000/ffffff'),
(22, 'Sid Bleyman', 'Integer pede justo, lacinia eget, tincidunt eget, tempus vel, pede. Morbi porttitor lorem id ligula. Suspendisse ornare consequat lectus.', '1977-07-20', 'Indonesia', 'http://dummyimage.com/126x100.png/dddddd/000000'),
(23, 'Marla Marsters', 'Maecenas leo odio, condimentum id, luctus nec, molestie sed, justo. Pellentesque viverra pede ac diam. Cras pellentesque volutpat dui.', '1988-08-03', 'Finland', 'http://dummyimage.com/242x100.png/cc0000/ffffff'),
(24, 'Carine Melloy', 'Nunc rhoncus dui vel sem. Sed sagittis.', '1991-10-16', 'Bolivia', 'http://dummyimage.com/168x100.png/dddddd/000000'),
(25, 'Leonerd Regus', 'Morbi porttitor lorem id ligula. Suspendisse ornare consequat lectus. In est risus, auctor sed, tristique in, tempus sit amet, sem.', '1983-11-17', 'China', 'http://dummyimage.com/172x100.png/5fa2dd/ffffff'),
(26, 'Victor Ausello', 'Nam nulla. Integer pede justo, lacinia eget, tincidunt eget, tempus vel, pede.', '1976-05-14', 'Indonesia', 'http://dummyimage.com/112x100.png/cc0000/ffffff'),
(27, 'Dody Barfoot', 'Lorem ipsum dolor sit amet, consectetuer adipiscing elit. Proin risus.', '1981-05-07', 'Guatemala', 'http://dummyimage.com/244x100.png/dddddd/000000'),
(28, 'Celine Wickendon', 'Integer a nibh. In quis justo. Maecenas rhoncus aliquam lacus.', '1979-09-01', 'France', 'http://dummyimage.com/191x100.png/ff4444/ffffff'),
(29, 'Roderic Haddleston', 'Praesent blandit.', '1977-11-08', 'United States', 'http://dummyimage.com/120x100.png/5fa2dd/ffffff'),
(30, 'Janeczka Itzakson', 'Aliquam sit amet diam in magna bibendum imperdiet.', '1990-07-21', 'Indonesia', 'http://dummyimage.com/118x100.png/5fa2dd/ffffff'),
(31, 'Jill Eckley', 'Vestibulum ante ipsum primis in faucibus orci luctus et ultrices posuere cubilia Curae; Donec pharetra, magna vestibulum aliquet ultrices, erat tortor sollicitudin mi, sit amet lobortis sapien sapien non mi. Integer ac neque. Duis bibendum.', '1993-09-21', 'Japan', 'http://dummyimage.com/175x100.png/dddddd/000000'),
(32, 'Sidonnie Biggen', 'Quisque id justo sit amet sapien dignissim vestibulum. Vestibulum ante ipsum primis in faucibus orci luctus et ultrices posuere cubilia Curae; Nulla dapibus dolor vel est. Donec odio justo, sollicitudin ut, suscipit a, feugiat et, eros.', '1980-02-11', 'China', 'http://dummyimage.com/241x100.png/ff4444/ffffff'),
(33, 'Joice Fosdick', 'Nulla suscipit ligula in lacus. Curabitur at ipsum ac tellus semper interdum.', '1993-12-26', 'Indonesia', 'http://dummyimage.com/146x100.png/5fa2dd/ffffff'),
(34, 'Karyn Copson', 'Proin risus.', '1987-10-30', 'China', 'http://dummyimage.com/155x100.png/5fa2dd/ffffff'),
(35, 'Quinton Trownson', 'Proin interdum mauris non ligula pellentesque ultrices.', '1994-08-09', 'Indonesia', 'http://dummyimage.com/184x100.png/5fa2dd/ffffff'),
(36, 'Joli Evelyn', 'Nulla justo. Aliquam quis turpis eget elit sodales scelerisque.', '1981-11-15', 'Indonesia', 'http://dummyimage.com/191x100.png/5fa2dd/ffffff'),
(37, 'Hamilton Rhyme', 'Donec ut dolor. Morbi vel lectus in quam fringilla rhoncus. Mauris enim leo, rhoncus sed, vestibulum sit amet, cursus id, turpis.', '1970-05-31', 'Russia', 'http://dummyimage.com/219x100.png/5fa2dd/ffffff'),
(38, 'Zane Calvard', 'Morbi vel lectus in quam fringilla rhoncus.', '1976-09-20', 'China', 'http://dummyimage.com/162x100.png/dddddd/000000'),
(39, 'Riley Dane', 'Proin leo odio, porttitor id, consequat in, consequat ut, nulla.', '1979-07-08', 'Bosnia and Herzegovina', 'http://dummyimage.com/103x100.png/dddddd/000000'),
(40, 'Dunc Helks', 'Cras mi pede, malesuada in, imperdiet et, commodo vulputate, justo. In blandit ultrices enim.', '1983-01-14', 'Greece', 'http://dummyimage.com/152x100.png/cc0000/ffffff'),
(41, 'Page Cheers', 'Vivamus vestibulum sagittis sapien. Cum sociis natoque penatibus et magnis dis parturient montes, nascetur ridiculus mus.', '1992-06-30', 'China', 'http://dummyimage.com/130x100.png/ff4444/ffffff'),
(42, 'Benny Jasper', 'Cras mi pede, malesuada in, imperdiet et, commodo vulputate, justo. In blandit ultrices enim. Lorem ipsum dolor sit amet, consectetuer adipiscing elit.', '1969-08-23', 'Sudan', 'http://dummyimage.com/207x100.png/cc0000/ffffff'),
(43, 'Ramona Wayt', 'Aliquam augue quam, sollicitudin vitae, consectetuer eget, rutrum at, lorem. Integer tincidunt ante vel ipsum. Praesent blandit lacinia erat.', '1976-09-29', 'China', 'http://dummyimage.com/180x100.png/cc0000/ffffff'),
(44, 'Guido Yarham', 'Vestibulum quam sapien, varius ut, blandit non, interdum in, ante. Vestibulum ante ipsum primis in faucibus orci luctus et ultrices posuere cubilia Curae; Duis faucibus accumsan odio.', '1987-08-27', 'Russia', 'http://dummyimage.com/224x100.png/ff4444/ffffff'),
(45, 'Pennie Roback', 'In blandit ultrices enim. Lorem ipsum dolor sit amet, consectetuer adipiscing elit.', '1981-06-27', 'Cyprus', 'http://dummyimage.com/137x100.png/5fa2dd/ffffff'),
(46, 'Sara Annott', 'Praesent blandit. Nam nulla. Integer pede justo, lacinia eget, tincidunt eget, tempus vel, pede.', '1973-06-25', 'Indonesia', 'http://dummyimage.com/245x100.png/ff4444/ffffff'),
(47, 'Shay Spensly', 'Maecenas tincidunt lacus at velit.', '1974-02-16', 'Indonesia', 'http://dummyimage.com/102x100.png/cc0000/ffffff'),
(48, 'Erwin Hendrick', 'Nam congue, risus semper porta volutpat, quam pede lobortis ligula, sit amet eleifend pede libero quis orci.', '1994-01-13', 'Luxembourg', 'http://dummyimage.com/190x100.png/ff4444/ffffff'),
(49, 'Kele McClounan', 'In hac habitasse platea dictumst.', '1971-09-17', 'United States', 'http://dummyimage.com/183x100.png/dddddd/000000'),
(50, 'Patricio Domaschke', 'Cras in purus eu magna vulputate luctus.', '1987-11-05', 'Indonesia', 'http://dummyimage.com/153x100.png/cc0000/ffffff');

--
-- Chỉ mục cho các bảng đã đổ
--

--
-- Chỉ mục cho bảng `actor`
--
ALTER TABLE `actor`
  ADD PRIMARY KEY (`id`);

--
-- Chỉ mục cho bảng `director`
--
ALTER TABLE `director`
  ADD PRIMARY KEY (`id`);

--
-- Chỉ mục cho bảng `genres`
--
ALTER TABLE `genres`
  ADD PRIMARY KEY (`id`);

--
-- Chỉ mục cho bảng `manufacturer`
--
ALTER TABLE `manufacturer`
  ADD PRIMARY KEY (`id`);

--
-- Chỉ mục cho bảng `movie`
--
ALTER TABLE `movie`
  ADD PRIMARY KEY (`id`),
  ADD KEY `id_director` (`id_director`),
  ADD KEY `id_title_type` (`id_title_type`);

--
-- Chỉ mục cho bảng `movie_actor`
--
ALTER TABLE `movie_actor`
  ADD PRIMARY KEY (`id_movie`,`id_actor`),
  ADD KEY `id_actor` (`id_actor`);

--
-- Chỉ mục cho bảng `movie_genres`
--
ALTER TABLE `movie_genres`
  ADD PRIMARY KEY (`id_movie`,`id_genres`),
  ADD KEY `id_genres` (`id_genres`);

--
-- Chỉ mục cho bảng `movie_manufacturer`
--
ALTER TABLE `movie_manufacturer`
  ADD PRIMARY KEY (`id_movie`,`id_manufacturer`),
  ADD KEY `id_manufacturer` (`id_manufacturer`);

--
-- Chỉ mục cho bảng `movie_nation`
--
ALTER TABLE `movie_nation`
  ADD PRIMARY KEY (`id_movie`,`id_nation`),
  ADD KEY `id_nation` (`id_nation`);

--
-- Chỉ mục cho bảng `movie_trailer`
--
ALTER TABLE `movie_trailer`
  ADD PRIMARY KEY (`id_movie`,`id_trailer`),
  ADD KEY `id_trailer` (`id_trailer`);

--
-- Chỉ mục cho bảng `movie_writers`
--
ALTER TABLE `movie_writers`
  ADD PRIMARY KEY (`id_movie`,`id_writer`),
  ADD KEY `id_writer` (`id_writer`);

--
-- Chỉ mục cho bảng `nation`
--
ALTER TABLE `nation`
  ADD PRIMARY KEY (`id`);

--
-- Chỉ mục cho bảng `title_type`
--
ALTER TABLE `title_type`
  ADD PRIMARY KEY (`id`);

--
-- Chỉ mục cho bảng `trailer`
--
ALTER TABLE `trailer`
  ADD PRIMARY KEY (`id`);

--
-- Chỉ mục cho bảng `writers`
--
ALTER TABLE `writers`
  ADD PRIMARY KEY (`id`);

--
-- AUTO_INCREMENT cho các bảng đã đổ
--

--
-- AUTO_INCREMENT cho bảng `actor`
--
ALTER TABLE `actor`
  MODIFY `id` int NOT NULL AUTO_INCREMENT, AUTO_INCREMENT=51;

--
-- AUTO_INCREMENT cho bảng `director`
--
ALTER TABLE `director`
  MODIFY `id` int NOT NULL AUTO_INCREMENT, AUTO_INCREMENT=51;

--
-- AUTO_INCREMENT cho bảng `genres`
--
ALTER TABLE `genres`
  MODIFY `id` int NOT NULL AUTO_INCREMENT, AUTO_INCREMENT=17;

--
-- AUTO_INCREMENT cho bảng `manufacturer`
--
ALTER TABLE `manufacturer`
  MODIFY `id` int NOT NULL AUTO_INCREMENT, AUTO_INCREMENT=11;

--
-- AUTO_INCREMENT cho bảng `movie`
--
ALTER TABLE `movie`
  MODIFY `id` int NOT NULL AUTO_INCREMENT, AUTO_INCREMENT=339;

--
-- AUTO_INCREMENT cho bảng `nation`
--
ALTER TABLE `nation`
  MODIFY `id` int NOT NULL AUTO_INCREMENT, AUTO_INCREMENT=19;

--
-- AUTO_INCREMENT cho bảng `title_type`
--
ALTER TABLE `title_type`
  MODIFY `id` int NOT NULL AUTO_INCREMENT, AUTO_INCREMENT=9;

--
-- AUTO_INCREMENT cho bảng `trailer`
--
ALTER TABLE `trailer`
  MODIFY `id` int NOT NULL AUTO_INCREMENT, AUTO_INCREMENT=201;

--
-- AUTO_INCREMENT cho bảng `writers`
--
ALTER TABLE `writers`
  MODIFY `id` int NOT NULL AUTO_INCREMENT, AUTO_INCREMENT=51;

--
-- Các ràng buộc cho các bảng đã đổ
--

--
-- Các ràng buộc cho bảng `movie`
--
ALTER TABLE `movie`
  ADD CONSTRAINT `movie_ibfk_1` FOREIGN KEY (`id_director`) REFERENCES `director` (`id`),
  ADD CONSTRAINT `movie_ibfk_2` FOREIGN KEY (`id_title_type`) REFERENCES `title_type` (`id`);

--
-- Các ràng buộc cho bảng `movie_actor`
--
ALTER TABLE `movie_actor`
  ADD CONSTRAINT `movie_actor_ibfk_1` FOREIGN KEY (`id_movie`) REFERENCES `movie` (`id`),
  ADD CONSTRAINT `movie_actor_ibfk_2` FOREIGN KEY (`id_actor`) REFERENCES `actor` (`id`);

--
-- Các ràng buộc cho bảng `movie_genres`
--
ALTER TABLE `movie_genres`
  ADD CONSTRAINT `movie_genres_ibfk_1` FOREIGN KEY (`id_movie`) REFERENCES `movie` (`id`),
  ADD CONSTRAINT `movie_genres_ibfk_2` FOREIGN KEY (`id_genres`) REFERENCES `genres` (`id`);

--
-- Các ràng buộc cho bảng `movie_manufacturer`
--
ALTER TABLE `movie_manufacturer`
  ADD CONSTRAINT `movie_manufacturer_ibfk_1` FOREIGN KEY (`id_movie`) REFERENCES `movie` (`id`),
  ADD CONSTRAINT `movie_manufacturer_ibfk_2` FOREIGN KEY (`id_manufacturer`) REFERENCES `manufacturer` (`id`);

--
-- Các ràng buộc cho bảng `movie_nation`
--
ALTER TABLE `movie_nation`
  ADD CONSTRAINT `movie_nation_ibfk_1` FOREIGN KEY (`id_movie`) REFERENCES `movie` (`id`),
  ADD CONSTRAINT `movie_nation_ibfk_2` FOREIGN KEY (`id_nation`) REFERENCES `nation` (`id`);

--
-- Các ràng buộc cho bảng `movie_trailer`
--
ALTER TABLE `movie_trailer`
  ADD CONSTRAINT `movie_trailer_ibfk_1` FOREIGN KEY (`id_movie`) REFERENCES `movie` (`id`),
  ADD CONSTRAINT `movie_trailer_ibfk_2` FOREIGN KEY (`id_trailer`) REFERENCES `trailer` (`id`);

--
-- Các ràng buộc cho bảng `movie_writers`
--
ALTER TABLE `movie_writers`
  ADD CONSTRAINT `movie_writers_ibfk_1` FOREIGN KEY (`id_movie`) REFERENCES `movie` (`id`),
  ADD CONSTRAINT `movie_writers_ibfk_2` FOREIGN KEY (`id_writer`) REFERENCES `writers` (`id`);
COMMIT;

/*!40101 SET CHARACTER_SET_CLIENT=@OLD_CHARACTER_SET_CLIENT */;
/*!40101 SET CHARACTER_SET_RESULTS=@OLD_CHARACTER_SET_RESULTS */;
/*!40101 SET COLLATION_CONNECTION=@OLD_COLLATION_CONNECTION */;
